i,j,k,a,b,c,val
1,1,1,1,1,1,1.0 + 0.0im
1,1,2,1,1,1,1.0 + 0.0im
1,1,3,1,1,1,1.0 + 0.0im
1,1,4,1,1,1,1.0 + 0.0im
1,1,4,1,2,2,1.0 + 0.0im
1,1,4,1,3,3,1.0 + 0.0im
1,2,1,1,1,1,1.0 + 0.0im
1,2,2,1,1,1,1.0 + 0.0im
1,2,3,1,1,1,1.0 + 0.0im
1,2,4,1,1,1,0.5 + 0.0im
1,2,4,1,1,3,-0.0 - 0.8660254037844382im
1,2,4,1,2,2,-1.0 + 0.0im
1,2,4,1,3,1,-0.0 - 0.8660254037844382im
1,2,4,1,3,3,0.5 + 0.0im
1,3,1,1,1,1,1.0 + 0.0im
1,3,2,1,1,1,1.0 + 0.0im
1,3,3,1,1,1,1.0 + 0.0im
1,3,4,1,1,1,0.5 + 0.0im
1,3,4,1,1,3,0.0 + 0.8660254037844392im
1,3,4,1,2,2,-1.0 + 0.0im
1,3,4,1,3,1,0.0 + 0.8660254037844392im
1,3,4,1,3,3,0.5 + 0.0im
1,4,1,1,3,1,1.7320508075688776 + 0.0im
1,4,1,2,2,1,-1.7320508075688776 + 0.0im
1,4,1,3,1,1,1.7320508075688776 + 0.0im
1,4,2,1,1,1,1.4999999999999998 + 0.0im
1,4,2,1,3,1,-0.0 - 0.8660254037844388im
1,4,2,2,2,1,-0.0 - 1.7320508075688776im
1,4,2,3,1,1,-0.0 - 0.8660254037844388im
1,4,2,3,3,1,1.4999999999999998 + 0.0im
1,4,3,1,1,1,1.4999999999999998 + 0.0im
1,4,3,1,3,1,0.0 + 0.8660254037844388im
1,4,3,2,2,1,0.0 + 1.7320508075688776im
1,4,3,3,1,1,0.0 + 0.8660254037844388im
1,4,3,3,3,1,1.4999999999999998 + 0.0im
1,4,4,1,1,2,-1.2247448713915872 + 0.0im
1,4,4,1,2,3,1.2247448713915872 + 0.0im
1,4,4,1,5,1,1.224744871391588 + 0.0im
1,4,4,1,6,2,1.224744871391588 + 0.0im
1,4,4,1,7,1,0.5 + 0.0im
1,4,4,1,7,3,-0.0 - 0.8660254037844382im
1,4,4,1,8,1,1.0 + 0.0im
1,4,4,1,9,1,0.5 + 0.0im
1,4,4,1,9,3,0.0 + 0.8660254037844392im
1,4,4,2,1,3,1.2247448713915872 + 0.0im
1,4,4,2,3,1,-1.2247448713915872 + 0.0im
1,4,4,2,4,1,-1.224744871391588 + 0.0im
1,4,4,2,6,3,1.224744871391588 + 0.0im
1,4,4,2,7,2,-1.0 + 0.0im
1,4,4,2,8,2,1.0 + 0.0im
1,4,4,2,9,2,-1.0 + 0.0im
1,4,4,3,2,1,-1.2247448713915872 + 0.0im
1,4,4,3,3,2,1.2247448713915872 + 0.0im
1,4,4,3,4,2,-1.224744871391588 + 0.0im
1,4,4,3,5,3,-1.224744871391588 + 0.0im
1,4,4,3,7,1,-0.0 - 0.8660254037844382im
1,4,4,3,7,3,0.5 + 0.0im
1,4,4,3,8,3,1.0 + 0.0im
1,4,4,3,9,1,0.0 + 0.8660254037844392im
1,4,4,3,9,3,0.5 + 0.0im
2,1,1,1,1,1,1.0 + 0.0im
2,1,2,1,1,1,1.0 + 0.0im
2,1,3,1,1,1,1.0 + 0.0im
2,1,4,1,1,1,0.5 + 0.0im
2,1,4,1,1,3,0.0 + 0.8660254037844392im
2,1,4,1,2,2,-1.0 + 0.0im
2,1,4,1,3,1,0.0 + 0.8660254037844392im
2,1,4,1,3,3,0.5 + 0.0im
2,2,1,1,1,1,1.0 + 0.0im
2,2,2,1,1,1,1.0 + 0.0im
2,2,3,1,1,1,1.0 + 0.0im
2,2,4,1,1,1,1.0 + 0.0im
2,2,4,1,2,2,1.0 + 0.0im
2,2,4,1,3,3,1.0 + 0.0im
2,3,1,1,1,1,1.0 + 0.0im
2,3,2,1,1,1,1.0 + 0.0im
2,3,3,1,1,1,1.0 + 0.0im
2,3,4,1,1,1,-0.5 - 0.0im
2,3,4,1,1,3,0.0 + 0.8660254037844382im
2,3,4,1,2,2,1.0 + 0.0im
2,3,4,1,3,1,0.0 + 0.8660254037844382im
2,3,4,1,3,3,-0.5 - 0.0im
2,4,1,1,1,1,0.0 - 1.4999999999999998im
2,4,1,1,3,1,0.8660254037844388 + 0.0im
2,4,1,2,2,1,1.7320508075688776 + 0.0im
2,4,1,3,1,1,0.8660254037844388 + 0.0im
2,4,1,3,3,1,0.0 - 1.4999999999999998im
2,4,2,1,3,1,0.0 - 1.7320508075688776im
2,4,2,2,2,1,0.0 + 1.7320508075688776im
2,4,2,3,1,1,0.0 - 1.7320508075688776im
2,4,3,1,1,1,1.4999999999999998 + 0.0im
2,4,3,1,3,1,-0.0 - 0.8660254037844388im
2,4,3,2,2,1,-0.0 - 1.7320508075688776im
2,4,3,3,1,1,-0.0 - 0.8660254037844388im
2,4,3,3,3,1,1.4999999999999998 + 0.0im
2,4,4,1,1,2,0.6123724356957929 + 0.0im
2,4,4,1,2,1,-0.0 + 1.0606601717798199im
2,4,4,1,2,3,-0.6123724356957929 - 0.0im
2,4,4,1,3,2,-0.0 + 1.0606601717798199im
2,4,4,1,4,2,0.0 - 1.0606601717798199im
2,4,4,1,5,1,-0.612372435695794 - 0.0im
2,4,4,1,5,3,-0.0 + 1.0606601717798199im
2,4,4,1,6,2,-0.612372435695794 - 0.0im
2,4,4,1,7,1,0.4999999999999995 + 0.0im
2,4,4,1,7,3,-0.0 - 0.8660254037844373im
2,4,4,1,8,1,1.0 + 0.0im
2,4,4,1,9,1,0.4999999999999995 + 0.0im
2,4,4,1,9,3,0.0 + 0.8660254037844383im
2,4,4,2,1,1,0.0 - 1.0606601717798199im
2,4,4,2,1,3,-0.6123724356957929 - 0.0im
2,4,4,2,3,1,0.6123724356957929 + 0.0im
2,4,4,2,3,3,-0.0 + 1.0606601717798199im
2,4,4,2,4,1,0.612372435695794 + 0.0im
2,4,4,2,4,3,-0.0 + 1.0606601717798199im
2,4,4,2,6,1,0.0 - 1.0606601717798199im
2,4,4,2,6,3,-0.612372435695794 - 0.0im
2,4,4,2,7,2,-0.999999999999999 + 0.0im
2,4,4,2,8,2,1.0 + 0.0im
2,4,4,2,9,2,-0.999999999999999 + 0.0im
2,4,4,3,1,2,0.0 - 1.0606601717798199im
2,4,4,3,2,1,0.6123724356957929 + 0.0im
2,4,4,3,2,3,0.0 - 1.0606601717798199im
2,4,4,3,3,2,-0.6123724356957929 - 0.0im
2,4,4,3,4,2,0.612372435695794 + 0.0im
2,4,4,3,5,1,0.0 - 1.0606601717798199im
2,4,4,3,5,3,0.612372435695794 + 0.0im
2,4,4,3,6,2,-0.0 + 1.0606601717798199im
2,4,4,3,7,1,-0.0 - 0.8660254037844373im
2,4,4,3,7,3,0.4999999999999995 + 0.0im
2,4,4,3,8,3,1.0 + 0.0im
2,4,4,3,9,1,0.0 + 0.8660254037844383im
2,4,4,3,9,3,0.4999999999999995 + 0.0im
3,1,1,1,1,1,1.0 + 0.0im
3,1,2,1,1,1,1.0 + 0.0im
3,1,3,1,1,1,1.0 + 0.0im
3,1,4,1,1,1,0.5 + 0.0im
3,1,4,1,1,3,-0.0 - 0.8660254037844382im
3,1,4,1,2,2,-1.0 + 0.0im
3,1,4,1,3,1,-0.0 - 0.8660254037844382im
3,1,4,1,3,3,0.5 + 0.0im
3,2,1,1,1,1,1.0 + 0.0im
3,2,2,1,1,1,1.0 + 0.0im
3,2,3,1,1,1,1.0 + 0.0im
3,2,4,1,1,1,-0.5 - 0.0im
3,2,4,1,1,3,0.0 - 0.8660254037844392im
3,2,4,1,2,2,1.0 + 0.0im
3,2,4,1,3,1,0.0 - 0.8660254037844392im
3,2,4,1,3,3,-0.5 - 0.0im
3,3,1,1,1,1,1.0 + 0.0im
3,3,2,1,1,1,1.0 + 0.0im
3,3,3,1,1,1,1.0 + 0.0im
3,3,4,1,1,1,1.0 + 0.0im
3,3,4,1,2,2,1.0 + 0.0im
3,3,4,1,3,3,1.0 + 0.0im
3,4,1,1,1,1,-0.0 + 1.4999999999999998im
3,4,1,1,3,1,0.8660254037844388 + 0.0im
3,4,1,2,2,1,1.7320508075688776 + 0.0im
3,4,1,3,1,1,0.8660254037844388 + 0.0im
3,4,1,3,3,1,-0.0 + 1.4999999999999998im
3,4,2,1,1,1,1.4999999999999998 + 0.0im
3,4,2,1,3,1,0.0 + 0.8660254037844388im
3,4,2,2,2,1,0.0 + 1.7320508075688776im
3,4,2,3,1,1,0.0 + 0.8660254037844388im
3,4,2,3,3,1,1.4999999999999998 + 0.0im
3,4,3,1,3,1,-0.0 + 1.7320508075688776im
3,4,3,2,2,1,0.0 - 1.7320508075688776im
3,4,3,3,1,1,-0.0 + 1.7320508075688776im
3,4,4,1,1,2,0.612372435695794 + 0.0im
3,4,4,1,2,1,0.0 - 1.0606601717798199im
3,4,4,1,2,3,-0.612372435695794 - 0.0im
3,4,4,1,3,2,0.0 - 1.0606601717798199im
3,4,4,1,4,2,0.0 + 1.0606601717798199im
3,4,4,1,5,1,-0.612372435695794 - 0.0im
3,4,4,1,5,3,0.0 - 1.0606601717798199im
3,4,4,1,6,2,-0.612372435695794 - 0.0im
3,4,4,1,7,1,0.4999999999999995 + 0.0im
3,4,4,1,7,3,-0.0 - 0.8660254037844373im
3,4,4,1,8,1,1.0 + 0.0im
3,4,4,1,9,1,0.5 + 0.0im
3,4,4,1,9,3,0.0 + 0.8660254037844392im
3,4,4,2,1,1,0.0 + 1.0606601717798199im
3,4,4,2,1,3,-0.612372435695794 - 0.0im
3,4,4,2,3,1,0.612372435695794 + 0.0im
3,4,4,2,3,3,0.0 - 1.0606601717798199im
3,4,4,2,4,1,0.612372435695794 + 0.0im
3,4,4,2,4,3,0.0 - 1.0606601717798199im
3,4,4,2,6,1,0.0 + 1.0606601717798199im
3,4,4,2,6,3,-0.612372435695794 - 0.0im
3,4,4,2,7,2,-0.999999999999999 + 0.0im
3,4,4,2,8,2,1.0 + 0.0im
3,4,4,2,9,2,-1.0 + 0.0im
3,4,4,3,1,2,0.0 + 1.0606601717798199im
3,4,4,3,2,1,0.612372435695794 + 0.0im
3,4,4,3,2,3,0.0 + 1.0606601717798199im
3,4,4,3,3,2,-0.612372435695794 - 0.0im
3,4,4,3,4,2,0.612372435695794 + 0.0im
3,4,4,3,5,1,0.0 + 1.0606601717798199im
3,4,4,3,5,3,0.612372435695794 + 0.0im
3,4,4,3,6,2,0.0 - 1.0606601717798199im
3,4,4,3,7,1,-0.0 - 0.8660254037844373im
3,4,4,3,7,3,0.4999999999999995 + 0.0im
3,4,4,3,8,3,1.0 + 0.0im
3,4,4,3,9,1,0.0 + 0.8660254037844392im
3,4,4,3,9,3,0.5 + 0.0im
4,1,1,1,1,1,1.0 + 0.0im
4,1,1,2,1,2,1.0 + 0.0im
4,1,1,3,1,3,1.0 + 0.0im
4,1,2,1,1,1,-0.0 + 0.5im
4,1,2,1,1,3,0.8660254037844382 + 0.0im
4,1,2,2,1,2,0.0 - 1.0im
4,1,2,3,1,1,0.8660254037844382 + 0.0im
4,1,2,3,1,3,-0.0 + 0.5im
4,1,3,1,1,1,0.0 - 0.5im
4,1,3,1,1,3,0.8660254037844392 + 0.0im
4,1,3,2,1,2,0.0 + 1.0im
4,1,3,3,1,1,0.8660254037844392 + 0.0im
4,1,3,3,1,3,0.0 - 0.5im
4,1,4,1,1,2,-0.707106781186546 + 0.0im
4,1,4,1,1,7,-0.0 + 0.49999999999999944im
4,1,4,1,1,9,0.0 - 0.49999999999999944im
4,1,4,1,2,3,0.707106781186546 + 0.0im
4,1,4,1,2,4,-0.7071067811865474 - 0.0im
4,1,4,1,3,5,-0.7071067811865474 - 0.0im
4,1,4,1,3,7,0.28867513459481264 + 0.0im
4,1,4,1,3,8,0.5773502691896253 + 0.0im
4,1,4,1,3,9,0.28867513459481264 + 0.0im
4,1,4,2,1,3,0.707106781186546 + 0.0im
4,1,4,2,1,4,0.7071067811865474 + 0.0im
4,1,4,2,2,7,0.5773502691896253 + 0.0im
4,1,4,2,2,8,-0.5773502691896253 + 0.0im
4,1,4,2,2,9,0.5773502691896253 + 0.0im
4,1,4,2,3,1,-0.707106781186546 + 0.0im
4,1,4,2,3,6,-0.7071067811865474 - 0.0im
4,1,4,3,1,5,0.7071067811865474 + 0.0im
4,1,4,3,1,7,0.28867513459481264 + 0.0im
4,1,4,3,1,8,0.5773502691896253 + 0.0im
4,1,4,3,1,9,0.28867513459481264 + 0.0im
4,1,4,3,2,1,-0.707106781186546 + 0.0im
4,1,4,3,2,6,0.7071067811865474 + 0.0im
4,1,4,3,3,2,0.707106781186546 + 0.0im
4,1,4,3,3,7,-0.0 + 0.49999999999999944im
4,1,4,3,3,9,0.0 - 0.49999999999999944im
4,2,1,1,1,1,0.0 - 0.5im
4,2,1,1,1,3,0.8660254037844392 + 0.0im
4,2,1,2,1,2,0.0 + 1.0im
4,2,1,3,1,1,0.8660254037844392 + 0.0im
4,2,1,3,1,3,0.0 - 0.5im
4,2,2,1,1,1,1.0 + 0.0im
4,2,2,2,1,2,1.0 + 0.0im
4,2,2,3,1,3,1.0 + 0.0im
4,2,3,1,1,1,0.5 + 0.0im
4,2,3,1,1,3,-0.0 - 0.8660254037844382im
4,2,3,2,1,2,-1.0 + 0.0im
4,2,3,3,1,1,-0.0 - 0.8660254037844382im
4,2,3,3,1,3,0.5 + 0.0im
4,2,4,1,1,2,0.0 - 0.3535533905932737im
4,2,4,1,1,5,0.612372435695794 + 0.0im
4,2,4,1,1,7,0.49999999999999944 + 0.0im
4,2,4,1,1,9,-0.49999999999999944 - 0.0im
4,2,4,1,2,1,0.612372435695794 + 0.0im
4,2,4,1,2,3,-0.0 + 0.3535533905932737im
4,2,4,1,2,4,0.0 - 0.3535533905932737im
4,2,4,1,2,6,-0.612372435695794 - 0.0im
4,2,4,1,3,2,0.612372435695794 + 0.0im
4,2,4,1,3,5,0.0 - 0.3535533905932737im
4,2,4,1,3,7,-0.0 - 0.28867513459481264im
4,2,4,1,3,8,0.0 - 0.5773502691896253im
4,2,4,1,3,9,0.0 - 0.28867513459481264im
4,2,4,2,1,1,-0.612372435695794 + 0.0im
4,2,4,2,1,3,-0.0 + 0.3535533905932737im
4,2,4,2,1,4,0.0 + 0.3535533905932737im
4,2,4,2,1,6,-0.612372435695794 - 0.0im
4,2,4,2,2,7,-0.0 - 0.5773502691896253im
4,2,4,2,2,8,0.0 + 0.5773502691896253im
4,2,4,2,2,9,0.0 - 0.5773502691896253im
4,2,4,2,3,1,0.0 - 0.3535533905932737im
4,2,4,2,3,3,0.612372435695794 + 0.0im
4,2,4,2,3,4,0.612372435695794 + 0.0im
4,2,4,2,3,6,0.0 - 0.3535533905932737im
4,2,4,3,1,2,-0.612372435695794 + 0.0im
4,2,4,3,1,5,0.0 + 0.3535533905932737im
4,2,4,3,1,7,-0.0 - 0.28867513459481264im
4,2,4,3,1,8,0.0 - 0.5773502691896253im
4,2,4,3,1,9,0.0 - 0.28867513459481264im
4,2,4,3,2,1,0.0 - 0.3535533905932737im
4,2,4,3,2,3,-0.612372435695794 + 0.0im
4,2,4,3,2,4,0.612372435695794 + 0.0im
4,2,4,3,2,6,0.0 + 0.3535533905932737im
4,2,4,3,3,2,-0.0 + 0.3535533905932737im
4,2,4,3,3,5,-0.612372435695794 - 0.0im
4,2,4,3,3,7,0.49999999999999944 + 0.0im
4,2,4,3,3,9,-0.49999999999999944 - 0.0im
4,3,1,1,1,1,-0.0 + 0.5im
4,3,1,1,1,3,0.8660254037844382 + 0.0im
4,3,1,2,1,2,0.0 - 1.0im
4,3,1,3,1,1,0.8660254037844382 + 0.0im
4,3,1,3,1,3,-0.0 + 0.5im
4,3,2,1,1,1,0.5 + 0.0im
4,3,2,1,1,3,0.0 + 0.8660254037844392im
4,3,2,2,1,2,-1.0 + 0.0im
4,3,2,3,1,1,0.0 + 0.8660254037844392im
4,3,2,3,1,3,0.5 + 0.0im
4,3,3,1,1,1,1.0 + 0.0im
4,3,3,2,1,2,1.0 + 0.0im
4,3,3,3,1,3,1.0 + 0.0im
4,3,4,1,1,2,0.0 + 0.3535533905932737im
4,3,4,1,1,5,0.612372435695794 + 0.0im
4,3,4,1,1,7,-0.49999999999999944 - 0.0im
4,3,4,1,1,9,0.49999999999999944 + 0.0im
4,3,4,1,2,1,0.612372435695794 + 0.0im
4,3,4,1,2,3,0.0 - 0.3535533905932737im
4,3,4,1,2,4,-0.0 + 0.3535533905932737im
4,3,4,1,2,6,-0.612372435695794 - 0.0im
4,3,4,1,3,2,0.612372435695794 + 0.0im
4,3,4,1,3,5,-0.0 + 0.3535533905932737im
4,3,4,1,3,7,0.0 + 0.28867513459481264im
4,3,4,1,3,8,-0.0 + 0.5773502691896253im
4,3,4,1,3,9,0.0 + 0.28867513459481264im
4,3,4,2,1,1,-0.612372435695794 + 0.0im
4,3,4,2,1,3,0.0 - 0.3535533905932737im
4,3,4,2,1,4,0.0 - 0.3535533905932737im
4,3,4,2,1,6,-0.612372435695794 - 0.0im
4,3,4,2,2,7,0.0 + 0.5773502691896253im
4,3,4,2,2,8,0.0 - 0.5773502691896253im
4,3,4,2,2,9,0.0 + 0.5773502691896253im
4,3,4,2,3,1,0.0 + 0.3535533905932737im
4,3,4,2,3,3,0.612372435695794 + 0.0im
4,3,4,2,3,4,0.612372435695794 + 0.0im
4,3,4,2,3,6,-0.0 + 0.3535533905932737im
4,3,4,3,1,2,-0.612372435695794 + 0.0im
4,3,4,3,1,5,0.0 - 0.3535533905932737im
4,3,4,3,1,7,0.0 + 0.28867513459481264im
4,3,4,3,1,8,-0.0 + 0.5773502691896253im
4,3,4,3,1,9,0.0 + 0.28867513459481264im
4,3,4,3,2,1,0.0 + 0.3535533905932737im
4,3,4,3,2,3,-0.612372435695794 + 0.0im
4,3,4,3,2,4,0.612372435695794 + 0.0im
4,3,4,3,2,6,0.0 - 0.3535533905932737im
4,3,4,3,3,2,0.0 - 0.3535533905932737im
4,3,4,3,3,5,-0.612372435695794 - 0.0im
4,3,4,3,3,7,-0.49999999999999944 - 0.0im
4,3,4,3,3,9,0.49999999999999944 + 0.0im
4,4,1,1,1,2,-1.2247448713915872 + 0.0im
4,4,1,1,2,3,1.2247448713915872 + 0.0im
4,4,1,2,1,3,1.2247448713915872 + 0.0im
4,4,1,2,3,1,-1.2247448713915872 + 0.0im
4,4,1,3,2,1,-1.2247448713915872 + 0.0im
4,4,1,3,3,2,1.2247448713915872 + 0.0im
4,4,1,4,2,1,1.224744871391588 + 0.0im
4,4,1,4,3,2,1.224744871391588 + 0.0im
4,4,1,5,1,1,-1.224744871391588 + 0.0im
4,4,1,5,3,3,1.224744871391588 + 0.0im
4,4,1,6,1,2,-1.224744871391588 + 0.0im
4,4,1,6,2,3,-1.224744871391588 + 0.0im
4,4,1,7,1,1,0.5 + 0.0im
4,4,1,7,1,3,-0.0 - 0.8660254037844382im
4,4,1,7,2,2,-1.0 + 0.0im
4,4,1,7,3,1,-0.0 - 0.8660254037844382im
4,4,1,7,3,3,0.5 + 0.0im
4,4,1,8,1,1,1.0 + 0.0im
4,4,1,8,2,2,1.0 + 0.0im
4,4,1,8,3,3,1.0 + 0.0im
4,4,1,9,1,1,0.5 + 0.0im
4,4,1,9,1,3,0.0 + 0.8660254037844392im
4,4,1,9,2,2,-1.0 + 0.0im
4,4,1,9,3,1,0.0 + 0.8660254037844392im
4,4,1,9,3,3,0.5 + 0.0im
4,4,2,1,1,2,0.612372435695794 + 0.0im
4,4,2,1,2,1,-0.0 + 1.0606601717798199im
4,4,2,1,2,3,-0.612372435695794 - 0.0im
4,4,2,1,3,2,-0.0 + 1.0606601717798199im
4,4,2,2,1,1,0.0 - 1.0606601717798199im
4,4,2,2,1,3,-0.612372435695794 - 0.0im
4,4,2,2,3,1,0.612372435695794 + 0.0im
4,4,2,2,3,3,-0.0 + 1.0606601717798199im
4,4,2,3,1,2,0.0 - 1.0606601717798199im
4,4,2,3,2,1,0.612372435695794 + 0.0im
4,4,2,3,2,3,0.0 - 1.0606601717798199im
4,4,2,3,3,2,-0.612372435695794 - 0.0im
4,4,2,4,1,2,0.0 - 1.0606601717798199im
4,4,2,4,2,1,-0.612372435695794 - 0.0im
4,4,2,4,2,3,-0.0 + 1.0606601717798199im
4,4,2,4,3,2,-0.612372435695794 - 0.0im
4,4,2,5,1,1,0.612372435695794 + 0.0im
4,4,2,5,1,3,-0.0 + 1.0606601717798199im
4,4,2,5,3,1,0.0 - 1.0606601717798199im
4,4,2,5,3,3,-0.612372435695794 - 0.0im
4,4,2,6,1,2,0.612372435695794 + 0.0im
4,4,2,6,2,1,0.0 - 1.0606601717798199im
4,4,2,6,2,3,0.612372435695794 + 0.0im
4,4,2,6,3,2,-0.0 + 1.0606601717798199im
4,4,2,7,1,1,0.5 + 0.0im
4,4,2,7,1,3,-0.0 - 0.8660254037844382im
4,4,2,7,2,2,-1.0 + 0.0im
4,4,2,7,3,1,-0.0 - 0.8660254037844382im
4,4,2,7,3,3,0.5 + 0.0im
4,4,2,8,1,1,1.0 + 0.0im
4,4,2,8,2,2,1.0 + 0.0im
4,4,2,8,3,3,1.0 + 0.0im
4,4,2,9,1,1,0.5 + 0.0im
4,4,2,9,1,3,0.0 + 0.8660254037844392im
4,4,2,9,2,2,-1.0 + 0.0im
4,4,2,9,3,1,0.0 + 0.8660254037844392im
4,4,2,9,3,3,0.5 + 0.0im
4,4,3,1,1,2,0.612372435695794 + 0.0im
4,4,3,1,2,1,0.0 - 1.0606601717798199im
4,4,3,1,2,3,-0.612372435695794 - 0.0im
4,4,3,1,3,2,0.0 - 1.0606601717798199im
4,4,3,2,1,1,0.0 + 1.0606601717798199im
4,4,3,2,1,3,-0.612372435695794 - 0.0im
4,4,3,2,3,1,0.612372435695794 + 0.0im
4,4,3,2,3,3,0.0 - 1.0606601717798199im
4,4,3,3,1,2,0.0 + 1.0606601717798199im
4,4,3,3,2,1,0.612372435695794 + 0.0im
4,4,3,3,2,3,0.0 + 1.0606601717798199im
4,4,3,3,3,2,-0.612372435695794 - 0.0im
4,4,3,4,1,2,0.0 + 1.0606601717798199im
4,4,3,4,2,1,-0.612372435695794 - 0.0im
4,4,3,4,2,3,0.0 - 1.0606601717798199im
4,4,3,4,3,2,-0.612372435695794 - 0.0im
4,4,3,5,1,1,0.612372435695794 + 0.0im
4,4,3,5,1,3,0.0 - 1.0606601717798199im
4,4,3,5,3,1,0.0 + 1.0606601717798199im
4,4,3,5,3,3,-0.612372435695794 - 0.0im
4,4,3,6,1,2,0.612372435695794 + 0.0im
4,4,3,6,2,1,0.0 + 1.0606601717798199im
4,4,3,6,2,3,0.612372435695794 + 0.0im
4,4,3,6,3,2,0.0 - 1.0606601717798199im
4,4,3,7,1,1,0.4999999999999995 + 0.0im
4,4,3,7,1,3,-0.0 - 0.8660254037844373im
4,4,3,7,2,2,-0.999999999999999 + 0.0im
4,4,3,7,3,1,-0.0 - 0.8660254037844373im
4,4,3,7,3,3,0.4999999999999995 + 0.0im
4,4,3,8,1,1,1.0 + 0.0im
4,4,3,8,2,2,1.0 + 0.0im
4,4,3,8,3,3,1.0 + 0.0im
4,4,3,9,1,1,0.5 + 0.0im
4,4,3,9,1,3,0.0 + 0.8660254037844392im
4,4,3,9,2,2,-1.0 + 0.0im
4,4,3,9,3,1,0.0 + 0.8660254037844392im
4,4,3,9,3,3,0.5 + 0.0im
4,4,4,1,1,2,-0.6123724356957929 + 0.0im
4,4,4,1,1,7,0.0 - 0.4330127018922194im
4,4,4,1,1,9,-0.0 + 0.4330127018922194im
4,4,4,1,2,3,0.6123724356957929 + 0.0im
4,4,4,1,2,4,0.6123724356957929 + 0.0im
4,4,4,1,3,5,0.6123724356957929 + 0.0im
4,4,4,1,3,7,-0.2500000000000001 + 0.0im
4,4,4,1,3,8,0.9999999999999989 + 0.0im
4,4,4,1,3,9,-0.2500000000000001 + 0.0im
4,4,4,1,4,5,0.6123724356957929 + 0.0im
4,4,4,1,4,7,0.7499999999999999 + 0.0im
4,4,4,1,4,9,0.7499999999999999 + 0.0im
4,4,4,1,5,1,-0.6123724356957929 - 0.0im
4,4,4,1,5,6,-0.6123724356957929 - 0.0im
4,4,4,1,6,2,-0.6123724356957929 - 0.0im
4,4,4,1,6,7,-0.0 - 0.4330127018922194im
4,4,4,1,6,9,0.0 + 0.4330127018922194im
4,4,4,1,7,1,-0.2499999999999995 - 0.0im
4,4,4,1,7,3,0.0 + 0.4330127018922182im
4,4,4,1,7,4,-0.0 + 0.4330127018922191im
4,4,4,1,7,6,0.7499999999999991 + 0.0im
4,4,4,1,8,1,0.999999999999999 + 0.0im
4,4,4,1,9,1,-0.25 - 0.0im
4,4,4,1,9,3,0.0 - 0.4330127018922196im
4,4,4,1,9,4,0.0 - 0.4330127018922191im
4,4,4,1,9,6,0.7499999999999999 + 0.0im
4,4,4,2,1,3,0.6123724356957929 + 0.0im
4,4,4,2,1,4,-0.6123724356957929 + 0.0im
4,4,4,2,2,7,-0.5000000000000002 + 0.0im
4,4,4,2,2,8,-0.9999999999999989 + 0.0im
4,4,4,2,2,9,-0.5000000000000002 + 0.0im
4,4,4,2,3,1,-0.6123724356957929 + 0.0im
4,4,4,2,3,6,0.6123724356957929 + 0.0im
4,4,4,2,4,1,0.6123724356957929 + 0.0im
4,4,4,2,4,6,-0.6123724356957929 - 0.0im
4,4,4,2,5,7,-0.0 - 0.8660254037844388im
4,4,4,2,5,9,0.0 + 0.8660254037844388im
4,4,4,2,6,3,-0.6123724356957929 - 0.0im
4,4,4,2,6,4,0.6123724356957929 + 0.0im
4,4,4,2,7,2,0.499999999999999 + 0.0im
4,4,4,2,7,5,0.0 - 0.8660254037844382im
4,4,4,2,8,2,0.999999999999999 + 0.0im
4,4,4,2,9,2,0.5 + 0.0im
4,4,4,2,9,5,0.0 + 0.8660254037844382im
4,4,4,3,1,5,-0.6123724356957929 + 0.0im
4,4,4,3,1,7,-0.2500000000000001 + 0.0im
4,4,4,3,1,8,0.9999999999999989 + 0.0im
4,4,4,3,1,9,-0.2500000000000001 + 0.0im
4,4,4,3,2,1,-0.6123724356957929 + 0.0im
4,4,4,3,2,6,-0.6123724356957929 + 0.0im
4,4,4,3,3,2,0.6123724356957929 + 0.0im
4,4,4,3,3,7,0.0 - 0.4330127018922194im
4,4,4,3,3,9,-0.0 + 0.4330127018922194im
4,4,4,3,4,2,0.6123724356957929 + 0.0im
4,4,4,3,4,7,-0.0 - 0.4330127018922194im
4,4,4,3,4,9,0.0 + 0.4330127018922194im
4,4,4,3,5,3,0.6123724356957929 + 0.0im
4,4,4,3,5,4,0.6123724356957929 + 0.0im
4,4,4,3,6,5,-0.6123724356957929 - 0.0im
4,4,4,3,6,7,0.7499999999999999 + 0.0im
4,4,4,3,6,9,0.7499999999999999 + 0.0im
4,4,4,3,7,1,0.0 + 0.4330127018922182im
4,4,4,3,7,3,-0.2499999999999995 - 0.0im
4,4,4,3,7,4,0.7499999999999991 + 0.0im
4,4,4,3,7,6,-0.0 + 0.4330127018922191im
4,4,4,3,8,3,0.999999999999999 + 0.0im
4,4,4,3,9,1,0.0 - 0.4330127018922196im
4,4,4,3,9,3,-0.25 - 0.0im
4,4,4,3,9,4,0.7499999999999999 + 0.0im
4,4,4,3,9,6,0.0 - 0.4330127018922191im
4,4,4,4,1,5,0.6123724356957929 + 0.0im
4,4,4,4,1,7,-0.7499999999999999 - 0.0im
4,4,4,4,1,9,-0.7499999999999999 - 0.0im
4,4,4,4,2,1,-0.6123724356957929 - 0.0im
4,4,4,4,2,6,-0.6123724356957929 - 0.0im
4,4,4,4,3,2,-0.6123724356957929 - 0.0im
4,4,4,4,3,7,0.0 + 0.4330127018922194im
4,4,4,4,3,9,0.0 - 0.4330127018922194im
4,4,4,4,4,2,-0.6123724356957929 + 0.0im
4,4,4,4,4,7,-0.0 + 0.4330127018922194im
4,4,4,4,4,9,0.0 - 0.4330127018922194im
4,4,4,4,5,3,0.6123724356957929 + 0.0im
4,4,4,4,5,4,0.612372435695794 + 0.0im
4,4,4,4,6,5,0.612372435695794 + 0.0im
4,4,4,4,6,7,0.2500000000000001 + 0.0im
4,4,4,4,6,8,-1.0000000000000004 - 0.0im
4,4,4,4,6,9,0.2500000000000001 + 0.0im
4,4,4,4,7,1,-0.0 + 0.4330127018922191im
4,4,4,4,7,3,0.7499999999999991 + 0.0im
4,4,4,4,7,4,-0.25 - 0.0im
4,4,4,4,7,6,0.0 + 0.4330127018922191im
4,4,4,4,8,4,1.0 + 0.0im
4,4,4,4,9,1,0.0 - 0.4330127018922191im
4,4,4,4,9,3,0.7499999999999999 + 0.0im
4,4,4,4,9,4,-0.25 - 0.0im
4,4,4,4,9,6,0.0 - 0.4330127018922196im
4,4,4,5,1,1,0.6123724356957929 + 0.0im
4,4,4,5,1,6,-0.6123724356957929 - 0.0im
4,4,4,5,2,7,0.0 + 0.8660254037844388im
4,4,4,5,2,9,0.0 - 0.8660254037844388im
4,4,4,5,3,3,-0.6123724356957929 - 0.0im
4,4,4,5,3,4,0.6123724356957929 + 0.0im
4,4,4,5,4,3,0.6123724356957929 + 0.0im
4,4,4,5,4,4,-0.612372435695794 + 0.0im
4,4,4,5,5,7,0.5000000000000002 + 0.0im
4,4,4,5,5,8,1.0000000000000004 + 0.0im
4,4,4,5,5,9,0.5000000000000002 + 0.0im
4,4,4,5,6,1,-0.6123724356957929 + 0.0im
4,4,4,5,6,6,0.612372435695794 + 0.0im
4,4,4,5,7,2,0.0 - 0.8660254037844382im
4,4,4,5,7,5,0.5 + 0.0im
4,4,4,5,8,5,1.0 + 0.0im
4,4,4,5,9,2,0.0 + 0.8660254037844382im
4,4,4,5,9,5,0.5 + 0.0im
4,4,4,6,1,2,0.6123724356957929 + 0.0im
4,4,4,6,1,7,0.0 + 0.4330127018922194im
4,4,4,6,1,9,0.0 - 0.4330127018922194im
4,4,4,6,2,3,0.6123724356957929 + 0.0im
4,4,4,6,2,4,0.6123724356957929 + 0.0im
4,4,4,6,3,5,-0.6123724356957929 - 0.0im
4,4,4,6,3,7,-0.7499999999999999 - 0.0im
4,4,4,6,3,9,-0.7499999999999999 - 0.0im
4,4,4,6,4,5,-0.612372435695794 + 0.0im
4,4,4,6,4,7,0.2500000000000001 + 0.0im
4,4,4,6,4,8,-1.0000000000000004 - 0.0im
4,4,4,6,4,9,0.2500000000000001 + 0.0im
4,4,4,6,5,1,-0.6123724356957929 + 0.0im
4,4,4,6,5,6,-0.612372435695794 + 0.0im
4,4,4,6,6,2,0.6123724356957929 + 0.0im
4,4,4,6,6,7,-0.0 + 0.4330127018922194im
4,4,4,6,6,9,0.0 - 0.4330127018922194im
4,4,4,6,7,1,0.7499999999999991 + 0.0im
4,4,4,6,7,3,-0.0 + 0.4330127018922191im
4,4,4,6,7,4,0.0 + 0.4330127018922191im
4,4,4,6,7,6,-0.25 - 0.0im
4,4,4,6,8,6,1.0 + 0.0im
4,4,4,6,9,1,0.7499999999999999 + 0.0im
4,4,4,6,9,3,0.0 - 0.4330127018922191im
4,4,4,6,9,4,0.0 - 0.4330127018922196im
4,4,4,6,9,6,-0.25 - 0.0im
4,4,4,7,1,1,-0.2499999999999995 - 0.0im
4,4,4,7,1,3,0.0 + 0.4330127018922182im
4,4,4,7,1,4,0.0 - 0.4330127018922191im
4,4,4,7,1,6,-0.7499999999999991 + 0.0im
4,4,4,7,2,2,0.499999999999999 + 0.0im
4,4,4,7,2,5,0.0 + 0.8660254037844382im
4,4,4,7,3,1,0.0 + 0.4330127018922182im
4,4,4,7,3,3,-0.2499999999999995 - 0.0im
4,4,4,7,3,4,-0.7499999999999991 + 0.0im
4,4,4,7,3,6,0.0 - 0.4330127018922191im
4,4,4,7,4,1,0.0 - 0.4330127018922191im
4,4,4,7,4,3,-0.7499999999999991 + 0.0im
4,4,4,7,4,4,-0.25 - 0.0im
4,4,4,7,4,6,0.0 + 0.4330127018922191im
4,4,4,7,5,2,0.0 + 0.8660254037844382im
4,4,4,7,5,5,0.5 + 0.0im
4,4,4,7,6,1,-0.7499999999999991 + 0.0im
4,4,4,7,6,3,0.0 - 0.4330127018922191im
4,4,4,7,6,4,0.0 + 0.4330127018922191im
4,4,4,7,6,6,-0.25 - 0.0im
4,4,4,7,7,9,-1.0 - 0.0im
4,4,4,7,8,7,1.0 + 0.0im
4,4,4,7,9,8,1.0 + 0.0im
4,4,4,8,1,1,0.999999999999999 + 0.0im
4,4,4,8,2,2,0.999999999999999 + 0.0im
4,4,4,8,3,3,0.999999999999999 + 0.0im
4,4,4,8,4,4,1.0 + 0.0im
4,4,4,8,5,5,1.0 + 0.0im
4,4,4,8,6,6,1.0 + 0.0im
4,4,4,8,7,7,1.0 + 0.0im
4,4,4,8,8,8,1.0 + 0.0im
4,4,4,8,9,9,1.0 + 0.0im
4,4,4,9,1,1,-0.25 - 0.0im
4,4,4,9,1,3,0.0 - 0.4330127018922196im
4,4,4,9,1,4,-0.0 + 0.4330127018922191im
4,4,4,9,1,6,-0.7499999999999999 + 0.0im
4,4,4,9,2,2,0.5 + 0.0im
4,4,4,9,2,5,0.0 - 0.8660254037844382im
4,4,4,9,3,1,0.0 - 0.4330127018922196im
4,4,4,9,3,3,-0.25 - 0.0im
4,4,4,9,3,4,-0.7499999999999999 + 0.0im
4,4,4,9,3,6,-0.0 + 0.4330127018922191im
4,4,4,9,4,1,-0.0 + 0.4330127018922191im
4,4,4,9,4,3,-0.7499999999999999 + 0.0im
4,4,4,9,4,4,-0.25 - 0.0im
4,4,4,9,4,6,0.0 - 0.4330127018922196im
4,4,4,9,5,2,0.0 - 0.8660254037844382im
4,4,4,9,5,5,0.5 + 0.0im
4,4,4,9,6,1,-0.7499999999999999 + 0.0im
4,4,4,9,6,3,-0.0 + 0.4330127018922191im
4,4,4,9,6,4,0.0 - 0.4330127018922196im
4,4,4,9,6,6,-0.25 - 0.0im
4,4,4,9,7,8,1.0 + 0.0im
4,4,4,9,8,9,1.0 + 0.0im
4,4,4,9,9,7,-1.0 - 0.0im
