i,j,k,a,b,c,val
1,1,1,1,1,1,1.0 + 0.0im
1,1,6,1,1,1,1.0 + 0.0im
1,1,11,1,1,1,1.0 + 0.0im
1,1,16,1,1,1,1.0 + 0.0im
1,6,1,1,1,1,1.0 + 0.0im
1,6,6,1,1,1,1.0 + 0.0im
1,6,11,1,1,1,1.0 + 0.0im
1,6,16,1,1,1,0.9999999999999994 + 0.0im
1,11,1,1,1,1,1.0 + 0.0im
1,11,6,1,1,1,1.0 + 0.0im
1,11,11,1,1,1,1.0 + 0.0im
1,11,16,1,1,1,0.9999999999999998 + 0.0im
1,16,1,1,1,1,2.9999999999999987 + 0.0im
1,16,6,1,1,1,2.9999999999999987 + 0.0im
1,16,11,1,1,1,2.9999999999999987 + 0.0im
1,16,16,1,1,1,1.0 + 0.0im
1,16,16,1,2,1,0.9999999999999994 + 0.0im
1,16,16,1,3,1,0.9999999999999998 + 0.0im
1,16,16,1,4,1,1.732050807568874 + 0.0im
1,16,16,1,7,1,1.7320508075688763 + 0.0im
2,2,2,1,1,1,1.0 + 0.0im
2,2,7,1,1,1,1.0 + 0.0im
2,2,9,1,1,1,1.0 + 0.0im
2,2,16,1,1,1,0.9999999999999997 + 0.0im
2,7,2,1,1,1,1.0 + 0.0im
2,7,7,1,1,1,1.0 + 0.0im
2,7,9,1,1,1,1.0 + 0.0im
2,7,16,1,1,1,-0.9999999999999994 - 0.0im
2,9,2,1,1,1,1.0 + 0.0im
2,9,7,1,1,1,1.0 + 0.0im
2,9,9,1,1,1,1.0 + 0.0im
2,9,16,1,1,1,0.9999999999999997 + 0.0im
2,16,2,1,1,1,0.0 - 2.999999999999998im
2,16,7,1,1,1,2.999999999999998 + 0.0im
2,16,9,1,1,1,0.0 - 2.9999999999999982im
2,16,16,1,1,1,0.9999999999999997 + 0.0im
2,16,16,1,2,1,0.9999999999999992 + 0.0im
2,16,16,1,3,1,0.9999999999999994 + 0.0im
2,16,16,1,4,1,-0.8660254037844368 - 0.0im
2,16,16,1,5,1,-0.0 + 1.4999999999999971im
2,16,16,1,6,1,-0.0 + 1.4999999999999982im
2,16,16,1,7,1,-0.8660254037844378 - 0.0im
3,3,3,1,1,1,1.0 + 0.0im
3,3,5,1,1,1,1.0 + 0.0im
3,3,10,1,1,1,1.0 + 0.0im
3,3,16,1,1,1,1.0 + 0.0im
3,5,3,1,1,1,1.0 + 0.0im
3,5,5,1,1,1,1.0 + 0.0im
3,5,10,1,1,1,1.0 + 0.0im
3,5,16,1,1,1,0.9999999999999994 + 0.0im
3,10,3,1,1,1,1.0 + 0.0im
3,10,5,1,1,1,1.0 + 0.0im
3,10,10,1,1,1,1.0 + 0.0im
3,10,16,1,1,1,-0.9999999999999997 - 0.0im
3,16,3,1,1,1,-0.0 + 2.9999999999999982im
3,16,5,1,1,1,-0.0 + 2.9999999999999987im
3,16,10,1,1,1,2.9999999999999987 + 0.0im
3,16,16,1,1,1,1.0 + 0.0im
3,16,16,1,2,1,0.9999999999999992 + 0.0im
3,16,16,1,3,1,0.9999999999999997 + 0.0im
3,16,16,1,4,1,-0.8660254037844369 - 0.0im
3,16,16,1,5,1,0.0 - 1.4999999999999978im
3,16,16,1,6,1,0.0 - 1.4999999999999984im
3,16,16,1,7,1,-0.866025403784438 - 0.0im
4,4,4,1,1,1,1.0 + 0.0im
4,4,8,1,1,1,0.9999999999999997 + 0.0im
4,4,12,1,1,1,0.9999999999999999 + 0.0im
4,4,13,1,1,1,0.9999999999999998 + 0.0im
4,4,14,1,1,1,0.9999999999999998 + 0.0im
4,4,15,1,1,1,0.9999999999999998 + 0.0im
4,4,16,1,1,1,0.9999999999999992 + 0.0im
4,4,16,1,2,2,0.9999999999999997 + 0.0im
4,8,4,1,1,1,0.9999999999999997 + 0.0im
4,8,8,1,1,1,0.9999999999999997 + 0.0im
4,8,12,1,1,1,-0.9999999999999996 - 0.0im
4,8,13,1,1,1,0.9999999999999993 + 0.0im
4,8,14,1,1,1,0.9999999999999993 + 0.0im
4,8,15,1,1,1,0.999999999999999 + 0.0im
4,8,16,1,1,1,-0.4999999999999993 - 0.0im
4,8,16,1,1,2,0.0 - 0.8660254037844376im
4,8,16,1,2,1,0.0 - 0.8660254037844376im
4,8,16,1,2,2,-0.4999999999999996 - 0.0im
4,12,4,1,1,1,0.9999999999999997 + 0.0im
4,12,8,1,1,1,-0.9999999999999997 - 0.0im
4,12,12,1,1,1,0.9999999999999999 + 0.0im
4,12,13,1,1,1,0.9999999999999997 + 0.0im
4,12,14,1,1,1,0.9999999999999997 + 0.0im
4,12,15,1,1,1,0.9999999999999996 + 0.0im
4,12,16,1,1,1,-0.4999999999999995 - 0.0im
4,12,16,1,1,2,-0.0 + 0.866025403784438im
4,12,16,1,2,1,-0.0 + 0.866025403784438im
4,12,16,1,2,2,-0.49999999999999983 - 0.0im
4,13,4,1,1,1,0.9999999999999997 + 0.0im
4,13,8,1,1,1,-0.0 + 0.9999999999999993im
4,13,12,1,1,1,0.0 - 0.9999999999999993im
4,13,13,1,1,1,0.9999999999999998 + 0.0im
4,13,14,1,1,1,-0.0 + 0.9999999999999994im
4,13,15,1,1,1,0.0 - 0.9999999999999997im
4,13,16,1,1,1,0.999999999999998 + 0.0im
4,13,16,1,2,2,-0.9999999999999994 - 0.0im
4,14,4,1,1,1,0.0 - 0.9999999999999993im
4,14,8,1,1,1,0.9999999999999991 + 0.0im
4,14,12,1,1,1,-0.9999999999999991 - 0.0im
4,14,13,1,1,1,0.0 - 0.9999999999999997im
4,14,14,1,1,1,0.9999999999999998 + 0.0im
4,14,15,1,1,1,0.9999999999999994 + 0.0im
4,14,16,1,1,1,-0.0 + 0.49999999999999895im
4,14,16,1,1,2,-0.866025403784437 - 0.0im
4,14,16,1,2,1,0.8660254037844376 + 0.0im
4,14,16,1,2,2,0.0 - 0.49999999999999944im
4,15,4,1,1,1,-0.0 + 0.9999999999999994im
4,15,8,1,1,1,-0.9999999999999993 - 0.0im
4,15,12,1,1,1,0.9999999999999993 + 0.0im
4,15,13,1,1,1,-0.0 + 0.9999999999999996im
4,15,14,1,1,1,0.9999999999999998 + 0.0im
4,15,15,1,1,1,0.9999999999999998 + 0.0im
4,15,16,1,1,1,0.0 - 0.499999999999999im
4,15,16,1,1,2,-0.8660254037844373 - 0.0im
4,15,16,1,2,1,0.8660254037844376 + 0.0im
4,15,16,1,2,2,-0.0 + 0.4999999999999997im
4,16,4,1,1,1,1.732050807568875 + 0.0im
4,16,4,2,2,1,-1.7320508075688763 - 0.0im
4,16,8,1,1,1,0.0 - 0.8660254037844374im
4,16,8,1,2,1,1.499999999999998 + 0.0im
4,16,8,2,1,1,-1.499999999999998 - 0.0im
4,16,8,2,2,1,-0.0 + 0.8660254037844378im
4,16,12,1,1,1,-0.0 + 0.8660254037844375im
4,16,12,1,2,1,1.4999999999999982 + 0.0im
4,16,12,2,1,1,-1.499999999999998 - 0.0im
4,16,12,2,2,1,0.0 - 0.866025403784438im
4,16,13,1,1,1,1.732050807568874 + 0.0im
4,16,13,2,2,1,1.732050807568876 + 0.0im
4,16,14,1,1,1,-0.8660254037844369 - 0.0im
4,16,14,1,2,1,-0.0 + 1.4999999999999982im
4,16,14,2,1,1,-0.0 + 1.4999999999999973im
4,16,14,2,2,1,-0.8660254037844378 - 0.0im
4,16,15,1,1,1,-0.8660254037844369 - 0.0im
4,16,15,1,2,1,0.0 - 1.4999999999999982im
4,16,15,2,1,1,0.0 - 1.4999999999999973im
4,16,15,2,2,1,-0.8660254037844378 - 0.0im
4,16,16,1,1,1,0.9999999999999992 + 0.0im
4,16,16,1,2,1,-0.4999999999999993 - 0.0im
4,16,16,1,2,2,-0.0 + 0.8660254037844376im
4,16,16,1,3,1,-0.49999999999999944 - 0.0im
4,16,16,1,3,2,0.0 - 0.866025403784438im
4,16,16,1,4,1,0.8660254037844365 + 0.0im
4,16,16,1,5,2,-0.8660254037844368 - 0.0im
4,16,16,1,6,2,0.8660254037844374 + 0.0im
4,16,16,1,7,1,-0.8660254037844374 - 0.0im
4,16,16,2,1,2,0.9999999999999997 + 0.0im
4,16,16,2,2,1,-0.0 + 0.8660254037844376im
4,16,16,2,2,2,-0.4999999999999996 - 0.0im
4,16,16,2,3,1,0.0 - 0.866025403784438im
4,16,16,2,3,2,-0.49999999999999983 - 0.0im
4,16,16,2,4,2,-0.8660254037844368 - 0.0im
4,16,16,2,5,1,0.8660254037844368 + 0.0im
4,16,16,2,6,1,-0.8660254037844374 - 0.0im
4,16,16,2,7,2,0.8660254037844378 + 0.0im
5,3,3,1,1,1,1.0 + 0.0im
5,3,5,1,1,1,1.0 + 0.0im
5,3,10,1,1,1,1.0 + 0.0im
5,3,16,1,1,1,0.9999999999999997 + 0.0im
5,5,3,1,1,1,1.0 + 0.0im
5,5,5,1,1,1,1.0 + 0.0im
5,5,10,1,1,1,1.0 + 0.0im
5,5,16,1,1,1,0.9999999999999997 + 0.0im
5,10,3,1,1,1,1.0 + 0.0im
5,10,5,1,1,1,1.0 + 0.0im
5,10,10,1,1,1,1.0 + 0.0im
5,10,16,1,1,1,-0.9999999999999994 + 0.0im
5,16,3,1,1,1,0.0 + 2.9999999999999982im
5,16,5,1,1,1,0.0 + 2.999999999999998im
5,16,10,1,1,1,2.999999999999998 + 0.0im
5,16,16,1,1,1,0.9999999999999997 + 0.0im
5,16,16,1,2,1,0.9999999999999992 + 0.0im
5,16,16,1,3,1,0.9999999999999994 + 0.0im
5,16,16,1,4,1,-0.8660254037844368 + 0.0im
5,16,16,1,5,1,-0.0 - 1.4999999999999982im
5,16,16,1,6,1,-0.0 - 1.4999999999999971im
5,16,16,1,7,1,-0.8660254037844378 + 0.0im
6,1,1,1,1,1,1.0 + 0.0im
6,1,6,1,1,1,1.0 + 0.0im
6,1,11,1,1,1,1.0 + 0.0im
6,1,16,1,1,1,0.9999999999999994 + 0.0im
6,6,1,1,1,1,1.0 + 0.0im
6,6,6,1,1,1,1.0 + 0.0im
6,6,11,1,1,1,1.0 + 0.0im
6,6,16,1,1,1,0.9999999999999994 + 0.0im
6,11,1,1,1,1,1.0 + 0.0im
6,11,6,1,1,1,1.0 + 0.0im
6,11,11,1,1,1,1.0 + 0.0im
6,11,16,1,1,1,0.9999999999999994 + 0.0im
6,16,1,1,1,1,2.999999999999998 + 0.0im
6,16,6,1,1,1,2.999999999999997 + 0.0im
6,16,11,1,1,1,2.999999999999997 + 0.0im
6,16,16,1,1,1,0.9999999999999994 + 0.0im
6,16,16,1,2,1,0.9999999999999989 + 0.0im
6,16,16,1,3,1,0.9999999999999989 + 0.0im
6,16,16,1,4,1,1.7320508075688736 + 0.0im
6,16,16,1,5,1,0.0 + 5.768888059150693e-16im
6,16,16,1,6,1,0.0 - 5.768888059150693e-16im
6,16,16,1,7,1,1.732050807568874 + 0.0im
7,2,2,1,1,1,1.0 + 0.0im
7,2,7,1,1,1,1.0 + 0.0im
7,2,9,1,1,1,1.0 + 0.0im
7,2,16,1,1,1,-0.9999999999999994 - 0.0im
7,7,2,1,1,1,1.0 + 0.0im
7,7,7,1,1,1,1.0 + 0.0im
7,7,9,1,1,1,1.0 + 0.0im
7,7,16,1,1,1,0.9999999999999997 + 0.0im
7,9,2,1,1,1,1.0 + 0.0im
7,9,7,1,1,1,1.0 + 0.0im
7,9,9,1,1,1,1.0 + 0.0im
7,9,16,1,1,1,-0.9999999999999994 + 0.0im
7,16,2,1,1,1,0.0 + 2.9999999999999982im
7,16,7,1,1,1,-2.9999999999999973 + 0.0im
7,16,9,1,1,1,-0.0 + 2.999999999999998im
7,16,16,1,1,1,0.9999999999999997 + 0.0im
7,16,16,1,2,1,0.9999999999999989 + 0.0im
7,16,16,1,3,1,0.9999999999999992 + 0.0im
7,16,16,1,4,1,-0.8660254037844376 + 0.0im
7,16,16,1,5,1,0.0 + 1.4999999999999978im
7,16,16,1,6,1,0.0 + 1.4999999999999978im
7,16,16,1,7,1,-0.8660254037844368 + 0.0im
8,4,4,1,1,1,0.9999999999999999 + 0.0im
8,4,8,1,1,1,0.9999999999999997 + 0.0im
8,4,12,1,1,1,-0.9999999999999997 - 0.0im
8,4,13,1,1,1,0.9999999999999994 + 0.0im
8,4,14,1,1,1,0.9999999999999994 + 0.0im
8,4,15,1,1,1,0.9999999999999993 + 0.0im
8,4,16,1,1,1,-0.4999999999999994 - 0.0im
8,4,16,1,1,2,-0.0 + 0.8660254037844377im
8,4,16,1,2,1,-0.0 + 0.8660254037844377im
8,4,16,1,2,2,-0.4999999999999997 - 0.0im
8,8,4,1,1,1,0.9999999999999999 + 0.0im
8,8,8,1,1,1,1.0 + 0.0im
8,8,12,1,1,1,0.9999999999999997 + 0.0im
8,8,13,1,1,1,0.9999999999999996 + 0.0im
8,8,14,1,1,1,0.9999999999999996 + 0.0im
8,8,15,1,1,1,0.9999999999999996 + 0.0im
8,8,16,1,1,1,0.9999999999999988 + 0.0im
8,8,16,1,2,2,0.9999999999999994 + 0.0im
8,12,4,1,1,1,-0.9999999999999996 - 0.0im
8,12,8,1,1,1,0.9999999999999997 + 0.0im
8,12,12,1,1,1,0.9999999999999997 + 0.0im
8,12,13,1,1,1,-0.9999999999999993 + 0.0im
8,12,14,1,1,1,-0.9999999999999993 + 0.0im
8,12,15,1,1,1,-0.999999999999999 + 0.0im
8,12,16,1,1,1,0.4999999999999993 + 0.0im
8,12,16,1,1,2,0.0 + 0.8660254037844376im
8,12,16,1,2,1,0.0 + 0.8660254037844376im
8,12,16,1,2,2,0.4999999999999996 + 0.0im
8,13,4,1,1,1,0.9999999999999991 + 0.0im
8,13,8,1,1,1,0.0 + 0.9999999999999993im
8,13,12,1,1,1,-0.0 + 0.9999999999999989im
8,13,13,1,1,1,0.9999999999999996 + 0.0im
8,13,14,1,1,1,-0.0 + 0.9999999999999992im
8,13,15,1,1,1,0.0 - 0.9999999999999993im
8,13,16,1,1,1,-0.49999999999999895 + 0.0im
8,13,16,1,1,2,0.0 + 0.8660254037844376im
8,13,16,1,2,1,-0.0 - 0.8660254037844368im
8,13,16,1,2,2,0.4999999999999996 + 0.0im
8,14,4,1,1,1,0.0 - 0.9999999999999989im
8,14,8,1,1,1,0.9999999999999989 + 0.0im
8,14,12,1,1,1,0.9999999999999989 + 0.0im
8,14,13,1,1,1,0.0 - 0.9999999999999993im
8,14,14,1,1,1,0.9999999999999996 + 0.0im
8,14,15,1,1,1,0.9999999999999992 + 0.0im
8,14,16,1,1,1,0.0 - 0.999999999999998im
8,14,16,1,1,2,-2.403703357979455e-16 + 0.0im
8,14,16,1,2,1,-3.3651847011712373e-16 + 0.0im
8,14,16,1,2,2,0.0 + 0.9999999999999984im
8,15,4,1,1,1,0.0 + 0.9999999999999991im
8,15,8,1,1,1,-0.9999999999999991 + 0.0im
8,15,12,1,1,1,-0.9999999999999989 - 0.0im
8,15,13,1,1,1,-0.0 + 0.9999999999999993im
8,15,14,1,1,1,0.9999999999999994 + 0.0im
8,15,15,1,1,1,0.9999999999999996 + 0.0im
8,15,16,1,1,1,0.0 - 0.4999999999999992im
8,15,16,1,1,2,0.8660254037844374 + 0.0im
8,15,16,1,2,1,-0.8660254037844373 + 0.0im
8,15,16,1,2,2,0.0 + 0.49999999999999895im
8,16,4,1,1,1,-0.8660254037844374 + 0.0im
8,16,4,1,2,1,0.0 + 1.499999999999998im
8,16,4,2,1,1,0.0 - 1.499999999999998im
8,16,4,2,2,1,0.8660254037844378 + 0.0im
8,16,8,1,1,1,0.0 + 1.7320508075688748im
8,16,8,2,2,1,0.0 - 1.732050807568876im
8,16,12,1,1,1,0.0 - 0.8660254037844372im
8,16,12,1,2,1,1.499999999999998 + 0.0im
8,16,12,2,1,1,-1.499999999999998 - 0.0im
8,16,12,2,2,1,-0.0 + 0.8660254037844376im
8,16,13,1,1,1,-0.8660254037844368 + 0.0im
8,16,13,1,2,1,-0.0 - 1.4999999999999971im
8,16,13,2,1,1,-0.0 - 1.4999999999999982im
8,16,13,2,2,1,-0.8660254037844377 + 0.0im
8,16,14,1,1,1,1.7320508075688739 + 0.0im
8,16,14,1,2,1,0.0 - 4.80740671595891e-16im
8,16,14,2,1,1,0.0 + 4.80740671595891e-16im
8,16,14,2,2,1,1.7320508075688748 + 0.0im
8,16,15,1,1,1,-0.8660254037844374 + 0.0im
8,16,15,1,2,1,0.0 + 1.4999999999999978im
8,16,15,2,1,1,0.0 + 1.4999999999999971im
8,16,15,2,2,1,-0.8660254037844368 + 0.0im
8,16,16,1,1,1,0.9999999999999988 + 0.0im
8,16,16,1,2,1,-0.49999999999999917 - 0.0im
8,16,16,1,2,2,-0.0 + 0.8660254037844375im
8,16,16,1,3,1,-0.4999999999999993 - 0.0im
8,16,16,1,3,2,0.0 - 0.8660254037844376im
8,16,16,1,4,1,-0.433012701892218 + 0.0im
8,16,16,1,4,2,-0.0 - 0.7499999999999983im
8,16,16,1,5,1,0.0 + 0.7499999999999983im
8,16,16,1,5,2,0.4330127018922183 + 0.0im
8,16,16,1,6,1,-0.0 - 0.7499999999999981im
8,16,16,1,6,2,-0.4330127018922185 + 0.0im
8,16,16,1,7,1,0.4330127018922185 + 0.0im
8,16,16,1,7,2,0.0 + 0.7499999999999983im
8,16,16,2,1,2,0.9999999999999994 + 0.0im
8,16,16,2,2,1,-0.0 + 0.8660254037844375im
8,16,16,2,2,2,-0.49999999999999944 - 0.0im
8,16,16,2,3,1,0.0 - 0.8660254037844376im
8,16,16,2,3,2,-0.4999999999999996 - 0.0im
8,16,16,2,4,1,0.0 + 0.7499999999999983im
8,16,16,2,4,2,0.4330127018922183 + 0.0im
8,16,16,2,5,1,-0.4330127018922183 + 0.0im
8,16,16,2,5,2,-0.0 - 0.749999999999999im
8,16,16,2,6,1,0.4330127018922185 + 0.0im
8,16,16,2,6,2,0.0 + 0.7499999999999983im
8,16,16,2,7,1,-0.0 - 0.7499999999999983im
8,16,16,2,7,2,-0.4330127018922188 + 0.0im
9,2,2,1,1,1,1.0 + 0.0im
9,2,7,1,1,1,1.0 + 0.0im
9,2,9,1,1,1,1.0 + 0.0im
9,2,16,1,1,1,0.9999999999999994 + 0.0im
9,7,2,1,1,1,1.0 + 0.0im
9,7,7,1,1,1,1.0 + 0.0im
9,7,9,1,1,1,1.0 + 0.0im
9,7,16,1,1,1,-0.9999999999999997 + 0.0im
9,9,2,1,1,1,1.0 + 0.0im
9,9,7,1,1,1,1.0 + 0.0im
9,9,9,1,1,1,1.0 + 0.0im
9,9,16,1,1,1,1.0 + 0.0im
9,16,2,1,1,1,-0.0 - 2.9999999999999987im
9,16,7,1,1,1,2.9999999999999987 + 0.0im
9,16,9,1,1,1,-0.0 - 2.9999999999999982im
9,16,16,1,1,1,1.0 + 0.0im
9,16,16,1,2,1,0.9999999999999992 + 0.0im
9,16,16,1,3,1,0.9999999999999997 + 0.0im
9,16,16,1,4,1,-0.8660254037844369 + 0.0im
9,16,16,1,5,1,0.0 + 1.4999999999999984im
9,16,16,1,6,1,0.0 + 1.4999999999999978im
9,16,16,1,7,1,-0.866025403784438 + 0.0im
10,3,3,1,1,1,1.0 + 0.0im
10,3,5,1,1,1,1.0 + 0.0im
10,3,10,1,1,1,1.0 + 0.0im
10,3,16,1,1,1,-0.9999999999999994 - 0.0im
10,5,3,1,1,1,1.0 + 0.0im
10,5,5,1,1,1,1.0 + 0.0im
10,5,10,1,1,1,1.0 + 0.0im
10,5,16,1,1,1,-0.9999999999999994 + 0.0im
10,10,3,1,1,1,1.0 + 0.0im
10,10,5,1,1,1,1.0 + 0.0im
10,10,10,1,1,1,1.0 + 0.0im
10,10,16,1,1,1,0.9999999999999997 + 0.0im
10,16,3,1,1,1,-0.0 - 2.999999999999998im
10,16,5,1,1,1,0.0 - 2.9999999999999982im
10,16,10,1,1,1,-2.9999999999999973 + 0.0im
10,16,16,1,1,1,0.9999999999999997 + 0.0im
10,16,16,1,2,1,0.9999999999999989 + 0.0im
10,16,16,1,3,1,0.9999999999999992 + 0.0im
10,16,16,1,4,1,-0.8660254037844376 + 0.0im
10,16,16,1,5,1,0.0 - 1.4999999999999978im
10,16,16,1,6,1,0.0 - 1.4999999999999978im
10,16,16,1,7,1,-0.8660254037844368 + 0.0im
11,1,1,1,1,1,1.0 + 0.0im
11,1,6,1,1,1,1.0 + 0.0im
11,1,11,1,1,1,1.0 + 0.0im
11,1,16,1,1,1,0.9999999999999994 + 0.0im
11,6,1,1,1,1,1.0 + 0.0im
11,6,6,1,1,1,1.0 + 0.0im
11,6,11,1,1,1,1.0 + 0.0im
11,6,16,1,1,1,0.9999999999999994 + 0.0im
11,11,1,1,1,1,1.0 + 0.0im
11,11,6,1,1,1,1.0 + 0.0im
11,11,11,1,1,1,1.0 + 0.0im
11,11,16,1,1,1,0.9999999999999998 + 0.0im
11,16,1,1,1,1,2.9999999999999987 + 0.0im
11,16,6,1,1,1,2.9999999999999987 + 0.0im
11,16,11,1,1,1,2.999999999999998 + 0.0im
11,16,16,1,1,1,0.9999999999999998 + 0.0im
11,16,16,1,2,1,0.9999999999999989 + 0.0im
11,16,16,1,3,1,0.9999999999999994 + 0.0im
11,16,16,1,4,1,1.7320508075688748 + 0.0im
11,16,16,1,5,1,0.0 - 4.80740671595891e-16im
11,16,16,1,6,1,0.0 + 4.80740671595891e-16im
11,16,16,1,7,1,1.7320508075688752 + 0.0im
12,4,4,1,1,1,0.9999999999999997 + 0.0im
12,4,8,1,1,1,-0.9999999999999996 - 0.0im
12,4,12,1,1,1,0.9999999999999997 + 0.0im
12,4,13,1,1,1,0.9999999999999993 + 0.0im
12,4,14,1,1,1,0.9999999999999993 + 0.0im
12,4,15,1,1,1,0.999999999999999 + 0.0im
12,4,16,1,1,1,-0.4999999999999993 - 0.0im
12,4,16,1,1,2,0.0 - 0.8660254037844376im
12,4,16,1,2,1,0.0 - 0.8660254037844376im
12,4,16,1,2,2,-0.4999999999999996 - 0.0im
12,8,4,1,1,1,-0.9999999999999997 - 0.0im
12,8,8,1,1,1,0.9999999999999999 + 0.0im
12,8,12,1,1,1,0.9999999999999997 + 0.0im
12,8,13,1,1,1,-0.9999999999999994 + 0.0im
12,8,14,1,1,1,-0.9999999999999994 + 0.0im
12,8,15,1,1,1,-0.9999999999999993 + 0.0im
12,8,16,1,1,1,0.4999999999999994 + 0.0im
12,8,16,1,1,2,0.0 - 0.8660254037844377im
12,8,16,1,2,1,0.0 - 0.8660254037844377im
12,8,16,1,2,2,0.4999999999999997 + 0.0im
12,12,4,1,1,1,0.9999999999999997 + 0.0im
12,12,8,1,1,1,0.9999999999999999 + 0.0im
12,12,12,1,1,1,1.0 + 0.0im
12,12,13,1,1,1,0.9999999999999997 + 0.0im
12,12,14,1,1,1,0.9999999999999997 + 0.0im
12,12,15,1,1,1,0.9999999999999997 + 0.0im
12,12,16,1,1,1,0.999999999999999 + 0.0im
12,12,16,1,2,2,0.9999999999999997 + 0.0im
12,13,4,1,1,1,0.9999999999999993 + 0.0im
12,13,8,1,1,1,0.0 - 0.9999999999999993im
12,13,12,1,1,1,-0.0 - 0.9999999999999994im
12,13,13,1,1,1,0.9999999999999997 + 0.0im
12,13,14,1,1,1,-0.0 + 0.9999999999999992im
12,13,15,1,1,1,0.0 - 0.9999999999999996im
12,13,16,1,1,1,-0.499999999999999 + 0.0im
12,13,16,1,1,2,0.0 - 0.8660254037844377im
12,13,16,1,2,1,0.0 + 0.8660254037844373im
12,13,16,1,2,2,0.4999999999999997 + 0.0im
12,14,4,1,1,1,-0.0 - 0.9999999999999991im
12,14,8,1,1,1,-0.9999999999999991 - 0.0im
12,14,12,1,1,1,-0.9999999999999991 + 0.0im
12,14,13,1,1,1,0.0 - 0.9999999999999996im
12,14,14,1,1,1,0.9999999999999997 + 0.0im
12,14,15,1,1,1,0.9999999999999992 + 0.0im
12,14,16,1,1,1,0.0 + 0.4999999999999994im
12,14,16,1,1,2,0.8660254037844374 + 0.0im
12,14,16,1,2,1,-0.8660254037844374 + 0.0im
12,14,16,1,2,2,0.0 - 0.499999999999999im
12,15,4,1,1,1,0.0 + 0.9999999999999993im
12,15,8,1,1,1,0.9999999999999993 + 0.0im
12,15,12,1,1,1,0.9999999999999993 + 0.0im
12,15,13,1,1,1,-0.0 + 0.9999999999999993im
12,15,14,1,1,1,0.9999999999999997 + 0.0im
12,15,15,1,1,1,0.9999999999999997 + 0.0im
12,15,16,1,1,1,0.0 + 0.9999999999999984im
12,15,16,1,1,2,-3.3651847011712373e-16 + 0.0im
12,15,16,1,2,1,-1.9229626863835638e-16 + 0.0im
12,15,16,1,2,2,0.0 - 0.9999999999999988im
12,16,4,1,1,1,-0.8660254037844374 + 0.0im
12,16,4,1,2,1,-0.0 - 1.499999999999998im
12,16,4,2,1,1,0.0 + 1.499999999999998im
12,16,4,2,2,1,0.8660254037844378 + 0.0im
12,16,8,1,1,1,-0.0 + 0.8660254037844375im
12,16,8,1,2,1,1.4999999999999982 + 0.0im
12,16,8,2,1,1,-1.499999999999998 - 0.0im
12,16,8,2,2,1,0.0 - 0.866025403784438im
12,16,12,1,1,1,-0.0 - 1.7320508075688748im
12,16,12,2,2,1,0.0 + 1.732050807568876im
12,16,13,1,1,1,-0.8660254037844369 + 0.0im
12,16,13,1,2,1,0.0 + 1.4999999999999978im
12,16,13,2,1,1,0.0 + 1.4999999999999984im
12,16,13,2,2,1,-0.8660254037844378 + 0.0im
12,16,14,1,1,1,-0.8660254037844376 + 0.0im
12,16,14,1,2,1,0.0 - 1.499999999999998im
12,16,14,2,1,1,0.0 - 1.4999999999999978im
12,16,14,2,2,1,-0.866025403784437 + 0.0im
12,16,15,1,1,1,1.7320508075688748 + 0.0im
12,16,15,1,2,1,0.0 + 3.8459253727671276e-16im
12,16,15,2,1,1,0.0 - 4.80740671595891e-16im
12,16,15,2,2,1,1.7320508075688752 + 0.0im
12,16,16,1,1,1,0.999999999999999 + 0.0im
12,16,16,1,2,1,-0.49999999999999917 - 0.0im
12,16,16,1,2,2,-0.0 + 0.8660254037844375im
12,16,16,1,3,1,-0.4999999999999994 - 0.0im
12,16,16,1,3,2,0.0 - 0.8660254037844377im
12,16,16,1,4,1,-0.4330127018922182 + 0.0im
12,16,16,1,4,2,0.0 + 0.7499999999999984im
12,16,16,1,5,1,0.0 - 0.7499999999999984im
12,16,16,1,5,2,0.43301270189221835 + 0.0im
12,16,16,1,6,1,0.0 + 0.7499999999999983im
12,16,16,1,6,2,-0.43301270189221863 + 0.0im
12,16,16,1,7,1,0.43301270189221863 + 0.0im
12,16,16,1,7,2,0.0 - 0.7499999999999984im
12,16,16,2,1,2,0.9999999999999997 + 0.0im
12,16,16,2,2,1,-0.0 + 0.8660254037844375im
12,16,16,2,2,2,-0.49999999999999944 - 0.0im
12,16,16,2,3,1,0.0 - 0.8660254037844377im
12,16,16,2,3,2,-0.4999999999999997 - 0.0im
12,16,16,2,4,1,0.0 - 0.7499999999999984im
12,16,16,2,4,2,0.43301270189221835 + 0.0im
12,16,16,2,5,1,-0.43301270189221835 + 0.0im
12,16,16,2,5,2,0.0 + 0.7499999999999991im
12,16,16,2,6,1,0.43301270189221863 + 0.0im
12,16,16,2,6,2,0.0 - 0.7499999999999984im
12,16,16,2,7,1,0.0 + 0.7499999999999984im
12,16,16,2,7,2,-0.43301270189221885 + 0.0im
13,4,4,1,1,1,0.9999999999999998 + 0.0im
13,4,8,1,1,1,-0.0 - 0.9999999999999994im
13,4,12,1,1,1,0.0 + 0.9999999999999997im
13,4,13,1,1,1,0.9999999999999997 + 0.0im
13,4,14,1,1,1,-0.0 - 0.9999999999999993im
13,4,15,1,1,1,0.0 + 0.9999999999999993im
13,4,16,1,1,1,0.999999999999998 + 0.0im
13,4,16,1,2,2,-0.9999999999999994 + 0.0im
13,8,4,1,1,1,0.0 + 0.9999999999999997im
13,8,8,1,1,1,0.9999999999999998 + 0.0im
13,8,12,1,1,1,0.9999999999999994 + 0.0im
13,8,13,1,1,1,0.0 + 0.9999999999999993im
13,8,14,1,1,1,0.9999999999999991 + 0.0im
13,8,15,1,1,1,-0.9999999999999991 + 0.0im
13,8,16,1,1,1,-0.0 - 0.49999999999999895im
13,8,16,1,1,2,-0.866025403784437 + 0.0im
13,8,16,1,2,1,0.8660254037844376 + 0.0im
13,8,16,1,2,2,0.0 + 0.49999999999999944im
13,12,4,1,1,1,-0.0 - 0.9999999999999996im
13,12,8,1,1,1,0.9999999999999998 + 0.0im
13,12,12,1,1,1,0.9999999999999998 + 0.0im
13,12,13,1,1,1,-0.0 - 0.9999999999999994im
13,12,14,1,1,1,-0.9999999999999993 + 0.0im
13,12,15,1,1,1,0.9999999999999993 + 0.0im
13,12,16,1,1,1,0.0 + 0.499999999999999im
13,12,16,1,1,2,-0.8660254037844373 + 0.0im
13,12,16,1,2,1,0.8660254037844376 + 0.0im
13,12,16,1,2,2,-0.0 - 0.4999999999999997im
13,13,4,1,1,1,0.9999999999999998 + 0.0im
13,13,8,1,1,1,0.9999999999999998 + 0.0im
13,13,12,1,1,1,0.9999999999999998 + 0.0im
13,13,13,1,1,1,1.0 + 0.0im
13,13,14,1,1,1,0.9999999999999997 + 0.0im
13,13,15,1,1,1,0.9999999999999999 + 0.0im
13,13,16,1,1,1,0.9999999999999992 + 0.0im
13,13,16,1,2,2,0.9999999999999997 + 0.0im
13,14,4,1,1,1,0.9999999999999993 + 0.0im
13,14,8,1,1,1,0.9999999999999993 + 0.0im
13,14,12,1,1,1,0.999999999999999 + 0.0im
13,14,13,1,1,1,0.9999999999999997 + 0.0im
13,14,14,1,1,1,0.9999999999999997 + 0.0im
13,14,15,1,1,1,-0.9999999999999996 + 0.0im
13,14,16,1,1,1,-0.4999999999999993 + 0.0im
13,14,16,1,1,2,0.0 + 0.8660254037844376im
13,14,16,1,2,1,0.0 + 0.8660254037844376im
13,14,16,1,2,2,-0.4999999999999996 + 0.0im
13,15,4,1,1,1,0.9999999999999997 + 0.0im
13,15,8,1,1,1,0.9999999999999997 + 0.0im
13,15,12,1,1,1,0.9999999999999996 + 0.0im
13,15,13,1,1,1,0.9999999999999997 + 0.0im
13,15,14,1,1,1,-0.9999999999999997 + 0.0im
13,15,15,1,1,1,0.9999999999999999 + 0.0im
13,15,16,1,1,1,-0.4999999999999995 + 0.0im
13,15,16,1,1,2,-0.0 - 0.866025403784438im
13,15,16,1,2,1,-0.0 - 0.866025403784438im
13,15,16,1,2,2,-0.49999999999999983 + 0.0im
13,16,4,1,1,1,1.732050807568874 + 0.0im
13,16,4,2,2,1,1.732050807568876 + 0.0im
13,16,8,1,1,1,-0.8660254037844369 + 0.0im
13,16,8,1,2,1,-0.0 - 1.4999999999999982im
13,16,8,2,1,1,-0.0 - 1.4999999999999973im
13,16,8,2,2,1,-0.8660254037844378 + 0.0im
13,16,12,1,1,1,-0.8660254037844369 + 0.0im
13,16,12,1,2,1,0.0 + 1.4999999999999982im
13,16,12,2,1,1,0.0 + 1.4999999999999973im
13,16,12,2,2,1,-0.8660254037844378 + 0.0im
13,16,13,1,1,1,1.732050807568875 + 0.0im
13,16,13,2,2,1,-1.7320508075688763 + 0.0im
13,16,14,1,1,1,0.0 + 0.8660254037844374im
13,16,14,1,2,1,1.499999999999998 + 0.0im
13,16,14,2,1,1,-1.499999999999998 + 0.0im
13,16,14,2,2,1,-0.0 - 0.8660254037844378im
13,16,15,1,1,1,-0.0 - 0.8660254037844375im
13,16,15,1,2,1,1.4999999999999982 + 0.0im
13,16,15,2,1,1,-1.499999999999998 + 0.0im
13,16,15,2,2,1,0.0 + 0.866025403784438im
13,16,16,1,1,1,0.9999999999999992 + 0.0im
13,16,16,1,2,1,-0.4999999999999993 + 0.0im
13,16,16,1,2,2,-0.0 - 0.8660254037844376im
13,16,16,1,3,1,-0.49999999999999944 + 0.0im
13,16,16,1,3,2,0.0 + 0.866025403784438im
13,16,16,1,4,1,0.8660254037844365 + 0.0im
13,16,16,1,5,2,0.8660254037844374 + 0.0im
13,16,16,1,6,2,-0.8660254037844368 + 0.0im
13,16,16,1,7,1,-0.8660254037844374 + 0.0im
13,16,16,2,1,2,0.9999999999999997 + 0.0im
13,16,16,2,2,1,-0.0 - 0.8660254037844376im
13,16,16,2,2,2,-0.4999999999999996 + 0.0im
13,16,16,2,3,1,0.0 + 0.866025403784438im
13,16,16,2,3,2,-0.49999999999999983 + 0.0im
13,16,16,2,4,2,-0.8660254037844368 + 0.0im
13,16,16,2,5,1,-0.8660254037844374 + 0.0im
13,16,16,2,6,1,0.8660254037844368 + 0.0im
13,16,16,2,7,2,0.8660254037844378 + 0.0im
14,4,4,1,1,1,0.9999999999999996 + 0.0im
14,4,8,1,1,1,-0.0 - 0.9999999999999992im
14,4,12,1,1,1,0.0 + 0.9999999999999993im
14,4,13,1,1,1,0.9999999999999991 + 0.0im
14,4,14,1,1,1,0.0 - 0.9999999999999993im
14,4,15,1,1,1,-0.0 - 0.9999999999999989im
14,4,16,1,1,1,-0.49999999999999895 - 0.0im
14,4,16,1,1,2,0.0 - 0.8660254037844376im
14,4,16,1,2,1,-0.0 + 0.8660254037844368im
14,4,16,1,2,2,0.4999999999999996 + 0.0im
14,8,4,1,1,1,0.0 + 0.9999999999999993im
14,8,8,1,1,1,0.9999999999999996 + 0.0im
14,8,12,1,1,1,0.9999999999999992 + 0.0im
14,8,13,1,1,1,0.0 + 0.9999999999999989im
14,8,14,1,1,1,0.9999999999999989 + 0.0im
14,8,15,1,1,1,0.9999999999999989 + 0.0im
14,8,16,1,1,1,0.0 + 0.999999999999998im
14,8,16,1,1,2,-2.403703357979455e-16 + 0.0im
14,8,16,1,2,1,-3.3651847011712373e-16 + 0.0im
14,8,16,1,2,2,0.0 - 0.9999999999999984im
14,12,4,1,1,1,-0.0 - 0.9999999999999993im
14,12,8,1,1,1,0.9999999999999994 + 0.0im
14,12,12,1,1,1,0.9999999999999996 + 0.0im
14,12,13,1,1,1,0.0 - 0.9999999999999991im
14,12,14,1,1,1,-0.9999999999999991 + 0.0im
14,12,15,1,1,1,-0.9999999999999989 + 0.0im
14,12,16,1,1,1,0.0 + 0.4999999999999992im
14,12,16,1,1,2,0.8660254037844374 + 0.0im
14,12,16,1,2,1,-0.8660254037844373 + 0.0im
14,12,16,1,2,2,0.0 - 0.49999999999999895im
14,13,4,1,1,1,0.9999999999999994 + 0.0im
14,13,8,1,1,1,0.9999999999999994 + 0.0im
14,13,12,1,1,1,0.9999999999999993 + 0.0im
14,13,13,1,1,1,0.9999999999999999 + 0.0im
14,13,14,1,1,1,0.9999999999999997 + 0.0im
14,13,15,1,1,1,-0.9999999999999997 + 0.0im
14,13,16,1,1,1,-0.4999999999999994 + 0.0im
14,13,16,1,1,2,-0.0 - 0.8660254037844377im
14,13,16,1,2,1,-0.0 - 0.8660254037844377im
14,13,16,1,2,2,-0.4999999999999997 + 0.0im
14,14,4,1,1,1,0.9999999999999996 + 0.0im
14,14,8,1,1,1,0.9999999999999996 + 0.0im
14,14,12,1,1,1,0.9999999999999996 + 0.0im
14,14,13,1,1,1,0.9999999999999999 + 0.0im
14,14,14,1,1,1,1.0 + 0.0im
14,14,15,1,1,1,0.9999999999999997 + 0.0im
14,14,16,1,1,1,0.9999999999999988 + 0.0im
14,14,16,1,2,2,0.9999999999999994 + 0.0im
14,15,4,1,1,1,-0.9999999999999993 - 0.0im
14,15,8,1,1,1,-0.9999999999999993 - 0.0im
14,15,12,1,1,1,-0.999999999999999 - 0.0im
14,15,13,1,1,1,-0.9999999999999996 + 0.0im
14,15,14,1,1,1,0.9999999999999997 + 0.0im
14,15,15,1,1,1,0.9999999999999997 + 0.0im
14,15,16,1,1,1,0.4999999999999993 + 0.0im
14,15,16,1,1,2,0.0 - 0.8660254037844376im
14,15,16,1,2,1,0.0 - 0.8660254037844376im
14,15,16,1,2,2,0.4999999999999996 + 0.0im
14,16,4,1,1,1,-0.8660254037844368 - 0.0im
14,16,4,1,2,1,-0.0 + 1.4999999999999971im
14,16,4,2,1,1,-0.0 + 1.4999999999999982im
14,16,4,2,2,1,-0.8660254037844377 - 0.0im
14,16,8,1,1,1,1.7320508075688739 + 0.0im
14,16,8,1,2,1,0.0 + 4.80740671595891e-16im
14,16,8,2,1,1,0.0 - 4.80740671595891e-16im
14,16,8,2,2,1,1.7320508075688748 + 0.0im
14,16,12,1,1,1,-0.8660254037844374 + 0.0im
14,16,12,1,2,1,0.0 - 1.4999999999999978im
14,16,12,2,1,1,0.0 - 1.4999999999999971im
14,16,12,2,2,1,-0.8660254037844368 + 0.0im
14,16,13,1,1,1,-0.8660254037844374 + 0.0im
14,16,13,1,2,1,0.0 - 1.499999999999998im
14,16,13,2,1,1,0.0 + 1.499999999999998im
14,16,13,2,2,1,0.8660254037844378 + 0.0im
14,16,14,1,1,1,0.0 - 1.7320508075688748im
14,16,14,2,2,1,0.0 + 1.732050807568876im
14,16,15,1,1,1,0.0 + 0.8660254037844372im
14,16,15,1,2,1,1.499999999999998 + 0.0im
14,16,15,2,1,1,-1.499999999999998 + 0.0im
14,16,15,2,2,1,-0.0 - 0.8660254037844376im
14,16,16,1,1,1,0.9999999999999988 + 0.0im
14,16,16,1,2,1,-0.49999999999999917 + 0.0im
14,16,16,1,2,2,-0.0 - 0.8660254037844375im
14,16,16,1,3,1,-0.4999999999999993 + 0.0im
14,16,16,1,3,2,0.0 + 0.8660254037844376im
14,16,16,1,4,1,-0.433012701892218 - 0.0im
14,16,16,1,4,2,-0.0 + 0.7499999999999983im
14,16,16,1,5,1,-0.0 + 0.7499999999999981im
14,16,16,1,5,2,-0.4330127018922185 - 0.0im
14,16,16,1,6,1,0.0 - 0.7499999999999983im
14,16,16,1,6,2,0.4330127018922183 + 0.0im
14,16,16,1,7,1,0.4330127018922185 + 0.0im
14,16,16,1,7,2,0.0 - 0.7499999999999983im
14,16,16,2,1,2,0.9999999999999994 + 0.0im
14,16,16,2,2,1,-0.0 - 0.8660254037844375im
14,16,16,2,2,2,-0.49999999999999944 + 0.0im
14,16,16,2,3,1,0.0 + 0.8660254037844376im
14,16,16,2,3,2,-0.4999999999999996 + 0.0im
14,16,16,2,4,1,0.0 - 0.7499999999999983im
14,16,16,2,4,2,0.4330127018922183 + 0.0im
14,16,16,2,5,1,0.4330127018922185 + 0.0im
14,16,16,2,5,2,0.0 - 0.7499999999999983im
14,16,16,2,6,1,-0.4330127018922183 - 0.0im
14,16,16,2,6,2,-0.0 + 0.749999999999999im
14,16,16,2,7,1,-0.0 + 0.7499999999999983im
14,16,16,2,7,2,-0.4330127018922188 - 0.0im
15,4,4,1,1,1,0.9999999999999997 + 0.0im
15,4,8,1,1,1,-0.0 - 0.9999999999999992im
15,4,12,1,1,1,0.0 + 0.9999999999999996im
15,4,13,1,1,1,0.9999999999999993 + 0.0im
15,4,14,1,1,1,0.0 + 0.9999999999999993im
15,4,15,1,1,1,-0.0 + 0.9999999999999994im
15,4,16,1,1,1,-0.499999999999999 - 0.0im
15,4,16,1,1,2,0.0 + 0.8660254037844377im
15,4,16,1,2,1,0.0 - 0.8660254037844373im
15,4,16,1,2,2,0.4999999999999997 + 0.0im
15,8,4,1,1,1,0.0 + 0.9999999999999996im
15,8,8,1,1,1,0.9999999999999997 + 0.0im
15,8,12,1,1,1,0.9999999999999992 + 0.0im
15,8,13,1,1,1,-0.0 + 0.9999999999999991im
15,8,14,1,1,1,-0.9999999999999991 + 0.0im
15,8,15,1,1,1,-0.9999999999999991 + 0.0im
15,8,16,1,1,1,0.0 - 0.4999999999999994im
15,8,16,1,1,2,0.8660254037844374 + 0.0im
15,8,16,1,2,1,-0.8660254037844374 + 0.0im
15,8,16,1,2,2,0.0 + 0.499999999999999im
15,12,4,1,1,1,-0.0 - 0.9999999999999993im
15,12,8,1,1,1,0.9999999999999997 + 0.0im
15,12,12,1,1,1,0.9999999999999997 + 0.0im
15,12,13,1,1,1,0.0 - 0.9999999999999993im
15,12,14,1,1,1,0.9999999999999993 + 0.0im
15,12,15,1,1,1,0.9999999999999993 + 0.0im
15,12,16,1,1,1,0.0 - 0.9999999999999984im
15,12,16,1,1,2,-3.3651847011712373e-16 + 0.0im
15,12,16,1,2,1,-1.9229626863835638e-16 + 0.0im
15,12,16,1,2,2,0.0 + 0.9999999999999988im
15,13,4,1,1,1,0.9999999999999993 + 0.0im
15,13,8,1,1,1,0.9999999999999993 + 0.0im
15,13,12,1,1,1,0.999999999999999 + 0.0im
15,13,13,1,1,1,0.9999999999999997 + 0.0im
15,13,14,1,1,1,-0.9999999999999996 + 0.0im
15,13,15,1,1,1,0.9999999999999997 + 0.0im
15,13,16,1,1,1,-0.4999999999999993 + 0.0im
15,13,16,1,1,2,0.0 + 0.8660254037844376im
15,13,16,1,2,1,0.0 + 0.8660254037844376im
15,13,16,1,2,2,-0.4999999999999996 + 0.0im
15,14,4,1,1,1,-0.9999999999999994 - 0.0im
15,14,8,1,1,1,-0.9999999999999994 - 0.0im
15,14,12,1,1,1,-0.9999999999999993 - 0.0im
15,14,13,1,1,1,-0.9999999999999997 + 0.0im
15,14,14,1,1,1,0.9999999999999999 + 0.0im
15,14,15,1,1,1,0.9999999999999997 + 0.0im
15,14,16,1,1,1,0.4999999999999994 + 0.0im
15,14,16,1,1,2,0.0 + 0.8660254037844377im
15,14,16,1,2,1,0.0 + 0.8660254037844377im
15,14,16,1,2,2,0.4999999999999997 + 0.0im
15,15,4,1,1,1,0.9999999999999997 + 0.0im
15,15,8,1,1,1,0.9999999999999997 + 0.0im
15,15,12,1,1,1,0.9999999999999997 + 0.0im
15,15,13,1,1,1,0.9999999999999997 + 0.0im
15,15,14,1,1,1,0.9999999999999999 + 0.0im
15,15,15,1,1,1,1.0 + 0.0im
15,15,16,1,1,1,0.999999999999999 + 0.0im
15,15,16,1,2,2,0.9999999999999997 + 0.0im
15,16,4,1,1,1,-0.8660254037844369 - 0.0im
15,16,4,1,2,1,0.0 - 1.4999999999999978im
15,16,4,2,1,1,0.0 - 1.4999999999999984im
15,16,4,2,2,1,-0.8660254037844378 - 0.0im
15,16,8,1,1,1,-0.8660254037844376 + 0.0im
15,16,8,1,2,1,0.0 + 1.499999999999998im
15,16,8,2,1,1,0.0 + 1.4999999999999978im
15,16,8,2,2,1,-0.866025403784437 + 0.0im
15,16,12,1,1,1,1.7320508075688748 + 0.0im
15,16,12,1,2,1,0.0 - 3.8459253727671276e-16im
15,16,12,2,1,1,0.0 + 4.80740671595891e-16im
15,16,12,2,2,1,1.7320508075688752 + 0.0im
15,16,13,1,1,1,-0.8660254037844374 + 0.0im
15,16,13,1,2,1,-0.0 + 1.499999999999998im
15,16,13,2,1,1,0.0 - 1.499999999999998im
15,16,13,2,2,1,0.8660254037844378 + 0.0im
15,16,14,1,1,1,-0.0 - 0.8660254037844375im
15,16,14,1,2,1,1.4999999999999982 + 0.0im
15,16,14,2,1,1,-1.499999999999998 + 0.0im
15,16,14,2,2,1,0.0 + 0.866025403784438im
15,16,15,1,1,1,-0.0 + 1.7320508075688748im
15,16,15,2,2,1,0.0 - 1.732050807568876im
15,16,16,1,1,1,0.999999999999999 + 0.0im
15,16,16,1,2,1,-0.49999999999999917 + 0.0im
15,16,16,1,2,2,-0.0 - 0.8660254037844375im
15,16,16,1,3,1,-0.4999999999999994 + 0.0im
15,16,16,1,3,2,0.0 + 0.8660254037844377im
15,16,16,1,4,1,-0.4330127018922182 - 0.0im
15,16,16,1,4,2,0.0 - 0.7499999999999984im
15,16,16,1,5,1,0.0 - 0.7499999999999983im
15,16,16,1,5,2,-0.43301270189221863 - 0.0im
15,16,16,1,6,1,0.0 + 0.7499999999999984im
15,16,16,1,6,2,0.43301270189221835 + 0.0im
15,16,16,1,7,1,0.43301270189221863 + 0.0im
15,16,16,1,7,2,0.0 + 0.7499999999999984im
15,16,16,2,1,2,0.9999999999999997 + 0.0im
15,16,16,2,2,1,-0.0 - 0.8660254037844375im
15,16,16,2,2,2,-0.49999999999999944 + 0.0im
15,16,16,2,3,1,0.0 + 0.8660254037844377im
15,16,16,2,3,2,-0.4999999999999997 + 0.0im
15,16,16,2,4,1,0.0 + 0.7499999999999984im
15,16,16,2,4,2,0.43301270189221835 + 0.0im
15,16,16,2,5,1,0.43301270189221863 + 0.0im
15,16,16,2,5,2,0.0 + 0.7499999999999984im
15,16,16,2,6,1,-0.43301270189221835 - 0.0im
15,16,16,2,6,2,0.0 - 0.7499999999999991im
15,16,16,2,7,1,0.0 - 0.7499999999999984im
15,16,16,2,7,2,-0.43301270189221885 - 0.0im
16,1,1,1,1,1,0.9999999999999997 + 0.0im
16,1,6,1,1,1,0.9999999999999994 + 0.0im
16,1,11,1,1,1,0.9999999999999997 + 0.0im
16,1,16,1,1,1,0.33333333333333326 + 0.0im
16,1,16,1,1,2,0.33333333333333304 + 0.0im
16,1,16,1,1,3,0.33333333333333304 + 0.0im
16,1,16,1,1,4,0.5773502691896245 + 0.0im
16,1,16,1,1,7,0.5773502691896255 + 0.0im
16,2,2,1,1,1,0.9999999999999997 + 0.0im
16,2,7,1,1,1,-0.0 - 0.9999999999999994im
16,2,9,1,1,1,0.9999999999999997 + 0.0im
16,2,16,1,1,1,0.0 - 0.33333333333333315im
16,2,16,1,1,2,-0.0 - 0.333333333333333im
16,2,16,1,1,3,0.0 - 0.333333333333333im
16,2,16,1,1,4,-0.0 + 0.2886751345948122im
16,2,16,1,1,5,-0.499999999999999 - 0.0im
16,2,16,1,1,6,-0.4999999999999994 + 0.0im
16,2,16,1,1,7,0.0 + 0.2886751345948126im
16,3,3,1,1,1,0.9999999999999997 + 0.0im
16,3,5,1,1,1,0.9999999999999996 + 0.0im
16,3,10,1,1,1,0.0 + 0.9999999999999997im
16,3,16,1,1,1,-0.0 + 0.3333333333333332im
16,3,16,1,1,2,0.0 + 0.33333333333333304im
16,3,16,1,1,3,0.0 + 0.33333333333333304im
16,3,16,1,1,4,0.0 - 0.28867513459481225im
16,3,16,1,1,5,-0.49999999999999906 - 0.0im
16,3,16,1,1,6,-0.49999999999999944 + 0.0im
16,3,16,1,1,7,0.0 - 0.28867513459481275im
16,4,4,1,1,1,0.9999999999999989 + 0.0im
16,4,4,2,1,2,0.9999999999999996 + 0.0im
16,4,8,1,1,1,0.0 + 0.4999999999999993im
16,4,8,1,1,2,0.8660254037844376 + 0.0im
16,4,8,2,1,1,0.8660254037844376 + 0.0im
16,4,8,2,1,2,0.0 + 0.4999999999999996im
16,4,12,1,1,1,0.0 - 0.4999999999999994im
16,4,12,1,1,2,0.8660254037844378 + 0.0im
16,4,12,2,1,1,0.8660254037844378 + 0.0im
16,4,12,2,1,2,0.0 - 0.4999999999999998im
16,4,13,1,1,1,0.999999999999998 + 0.0im
16,4,13,2,1,2,-0.9999999999999994 + 0.0im
16,4,14,1,1,1,-0.499999999999999 - 0.0im
16,4,14,1,1,2,0.0 - 0.8660254037844376im
16,4,14,2,1,1,-0.0 + 0.8660254037844369im
16,4,14,2,1,2,0.4999999999999996 + 0.0im
16,4,15,1,1,1,-0.499999999999999 - 0.0im
16,4,15,1,1,2,0.0 + 0.8660254037844376im
16,4,15,2,1,1,0.0 - 0.8660254037844369im
16,4,15,2,1,2,0.4999999999999996 + 0.0im
16,4,16,1,1,1,0.5773502691896251 + 0.0im
16,4,16,1,1,2,-0.2886751345948124 + 0.0im
16,4,16,1,1,3,-0.2886751345948125 + 0.0im
16,4,16,1,1,4,0.4999999999999986 + 0.0im
16,4,16,1,1,7,-0.49999999999999933 + 0.0im
16,4,16,1,2,2,-0.0 - 0.4999999999999994im
16,4,16,1,2,3,0.0 + 0.4999999999999994im
16,4,16,1,2,5,-0.49999999999999895 - 0.0im
16,4,16,1,2,6,0.49999999999999933 + 0.0im
16,4,16,2,1,2,0.0 + 0.4999999999999994im
16,4,16,2,1,3,0.0 - 0.4999999999999994im
16,4,16,2,1,5,-0.49999999999999895 - 0.0im
16,4,16,2,1,6,0.49999999999999933 + 0.0im
16,4,16,2,2,1,-0.5773502691896255 - 0.0im
16,4,16,2,2,2,0.2886751345948126 + 0.0im
16,4,16,2,2,3,0.2886751345948126 + 0.0im
16,4,16,2,2,4,0.49999999999999895 + 0.0im
16,4,16,2,2,7,-0.4999999999999996 + 0.0im
16,5,3,1,1,1,0.9999999999999997 + 0.0im
16,5,5,1,1,1,0.9999999999999997 + 0.0im
16,5,10,1,1,1,-0.0 + 0.9999999999999994im
16,5,16,1,1,1,0.0 + 0.33333333333333315im
16,5,16,1,1,2,-0.0 + 0.333333333333333im
16,5,16,1,1,3,0.0 + 0.333333333333333im
16,5,16,1,1,4,-0.0 - 0.2886751345948122im
16,5,16,1,1,5,-0.4999999999999994 - 0.0im
16,5,16,1,1,6,-0.499999999999999 + 0.0im
16,5,16,1,1,7,0.0 - 0.2886751345948126im
16,6,1,1,1,1,0.9999999999999997 + 0.0im
16,6,6,1,1,1,0.9999999999999997 + 0.0im
16,6,11,1,1,1,0.9999999999999994 + 0.0im
16,6,16,1,1,1,0.33333333333333304 + 0.0im
16,6,16,1,1,2,0.3333333333333329 + 0.0im
16,6,16,1,1,3,0.3333333333333329 + 0.0im
16,6,16,1,1,4,0.5773502691896247 + 0.0im
16,6,16,1,1,5,0.0 - 1.4422220147876732e-16im
16,6,16,1,1,6,0.0 + 1.4422220147876732e-16im
16,6,16,1,1,7,0.5773502691896248 + 0.0im
16,7,2,1,1,1,0.0 + 0.9999999999999997im
16,7,7,1,1,1,0.9999999999999997 + 0.0im
16,7,9,1,1,1,-0.0 + 0.9999999999999996im
16,7,16,1,1,1,-0.3333333333333331 + 0.0im
16,7,16,1,1,2,-0.333333333333333 - 0.0im
16,7,16,1,1,3,-0.333333333333333 + 0.0im
16,7,16,1,1,4,0.2886751345948125 + 0.0im
16,7,16,1,1,5,0.0 + 0.4999999999999992im
16,7,16,1,1,6,0.0 + 0.4999999999999992im
16,7,16,1,1,7,0.28867513459481225 + 0.0im
16,8,4,1,1,1,0.0 - 0.4999999999999994im
16,8,4,1,1,2,0.8660254037844378 + 0.0im
16,8,4,2,1,1,0.8660254037844378 + 0.0im
16,8,4,2,1,2,0.0 - 0.4999999999999998im
16,8,8,1,1,1,0.9999999999999989 + 0.0im
16,8,8,2,1,2,0.9999999999999996 + 0.0im
16,8,12,1,1,1,-0.4999999999999993 - 0.0im
16,8,12,1,1,2,-0.0 + 0.8660254037844376im
16,8,12,2,1,1,-0.0 + 0.8660254037844376im
16,8,12,2,1,2,-0.4999999999999996 - 0.0im
16,8,13,1,1,1,-0.0 - 0.49999999999999895im
16,8,13,1,1,2,-0.866025403784437 + 0.0im
16,8,13,2,1,1,0.8660254037844376 + 0.0im
16,8,13,2,1,2,0.0 + 0.49999999999999944im
16,8,14,1,1,1,0.0 + 0.9999999999999981im
16,8,14,1,1,2,-1.9229626863835638e-16 + 0.0im
16,8,14,2,1,1,-2.403703357979455e-16 + 0.0im
16,8,14,2,1,2,0.0 - 0.9999999999999984im
16,8,15,1,1,1,0.0 - 0.4999999999999992im
16,8,15,1,1,2,0.8660254037844373 + 0.0im
16,8,15,2,1,1,-0.866025403784437 + 0.0im
16,8,15,2,1,2,0.0 + 0.499999999999999im
16,8,16,1,1,1,0.0 + 0.577350269189625im
16,8,16,1,1,2,0.0 - 0.2886751345948123im
16,8,16,1,1,3,0.0 - 0.2886751345948124im
16,8,16,1,1,4,-0.0 - 0.24999999999999928im
16,8,16,1,1,5,0.4330127018922184 + 0.0im
16,8,16,1,1,6,-0.43301270189221824 + 0.0im
16,8,16,1,1,7,0.0 + 0.24999999999999953im
16,8,16,1,2,2,0.4999999999999993 + 0.0im
16,8,16,1,2,3,-0.4999999999999993 + 0.0im
16,8,16,1,2,4,-0.4330127018922184 - 0.0im
16,8,16,1,2,5,0.0 + 0.24999999999999942im
16,8,16,1,2,6,0.0 - 0.24999999999999953im
16,8,16,1,2,7,0.4330127018922184 + 0.0im
16,8,16,2,1,2,-0.4999999999999993 - 0.0im
16,8,16,2,1,3,0.4999999999999993 + 0.0im
16,8,16,2,1,4,-0.4330127018922184 - 0.0im
16,8,16,2,1,5,0.0 + 0.24999999999999942im
16,8,16,2,1,6,0.0 - 0.24999999999999953im
16,8,16,2,1,7,0.4330127018922184 + 0.0im
16,8,16,2,2,1,0.0 - 0.5773502691896253im
16,8,16,2,2,2,-0.0 + 0.2886751345948125im
16,8,16,2,2,3,0.0 + 0.2886751345948126im
16,8,16,2,2,4,-0.0 - 0.24999999999999942im
16,8,16,2,2,5,0.43301270189221874 + 0.0im
16,8,16,2,2,6,-0.4330127018922184 + 0.0im
16,8,16,2,2,7,0.0 + 0.2499999999999997im
16,9,2,1,1,1,0.9999999999999996 + 0.0im
16,9,7,1,1,1,0.0 - 0.9999999999999997im
16,9,9,1,1,1,0.9999999999999997 + 0.0im
16,9,16,1,1,1,-0.0 - 0.3333333333333332im
16,9,16,1,1,2,0.0 - 0.33333333333333304im
16,9,16,1,1,3,0.0 - 0.33333333333333304im
16,9,16,1,1,4,0.0 + 0.28867513459481225im
16,9,16,1,1,5,-0.49999999999999944 - 0.0im
16,9,16,1,1,6,-0.49999999999999906 + 0.0im
16,9,16,1,1,7,0.0 + 0.28867513459481275im
16,10,3,1,1,1,-0.0 - 0.9999999999999996im
16,10,5,1,1,1,0.0 - 0.9999999999999997im
16,10,10,1,1,1,0.9999999999999997 + 0.0im
16,10,16,1,1,1,-0.3333333333333331 + 0.0im
16,10,16,1,1,2,-0.333333333333333 + 0.0im
16,10,16,1,1,3,-0.333333333333333 - 0.0im
16,10,16,1,1,4,0.2886751345948125 + 0.0im
16,10,16,1,1,5,0.0 - 0.4999999999999992im
16,10,16,1,1,6,0.0 - 0.4999999999999992im
16,10,16,1,1,7,0.28867513459481225 + 0.0im
16,11,1,1,1,1,0.9999999999999997 + 0.0im
16,11,6,1,1,1,0.9999999999999998 + 0.0im
16,11,11,1,1,1,0.9999999999999997 + 0.0im
16,11,16,1,1,1,0.33333333333333315 + 0.0im
16,11,16,1,1,2,0.33333333333333304 + 0.0im
16,11,16,1,1,3,0.33333333333333304 + 0.0im
16,11,16,1,1,4,0.5773502691896247 + 0.0im
16,11,16,1,1,5,0.0 + 1.9229626863835638e-16im
16,11,16,1,1,6,0.0 - 1.9229626863835638e-16im
16,11,16,1,1,7,0.5773502691896252 + 0.0im
16,12,4,1,1,1,0.0 + 0.49999999999999933im
16,12,4,1,1,2,0.8660254037844376 + 0.0im
16,12,4,2,1,1,0.8660254037844376 + 0.0im
16,12,4,2,1,2,0.0 + 0.49999999999999967im
16,12,8,1,1,1,-0.49999999999999944 - 0.0im
16,12,8,1,1,2,0.0 - 0.866025403784438im
16,12,8,2,1,1,0.0 - 0.866025403784438im
16,12,8,2,1,2,-0.49999999999999983 - 0.0im
16,12,12,1,1,1,0.9999999999999989 + 0.0im
16,12,12,2,1,2,0.9999999999999996 + 0.0im
16,12,13,1,1,1,0.0 + 0.499999999999999im
16,12,13,1,1,2,-0.8660254037844373 + 0.0im
16,12,13,2,1,1,0.8660254037844376 + 0.0im
16,12,13,2,1,2,-0.0 - 0.4999999999999997im
16,12,14,1,1,1,0.0 + 0.49999999999999933im
16,12,14,1,1,2,0.8660254037844375 + 0.0im
16,12,14,2,1,1,-0.8660254037844374 + 0.0im
16,12,14,2,1,2,0.0 - 0.499999999999999im
16,12,15,1,1,1,0.0 - 0.9999999999999984im
16,12,15,1,1,2,-2.8844440295753465e-16 + 0.0im
16,12,15,2,1,1,-2.403703357979455e-16 + 0.0im
16,12,15,2,1,2,0.0 + 0.9999999999999987im
16,12,16,1,1,1,-0.0 - 0.577350269189625im
16,12,16,1,1,2,0.0 + 0.2886751345948124im
16,12,16,1,1,3,-0.0 + 0.2886751345948125im
16,12,16,1,1,4,0.0 + 0.2499999999999993im
16,12,16,1,1,5,0.4330127018922184 + 0.0im
16,12,16,1,1,6,-0.4330127018922183 + 0.0im
16,12,16,1,1,7,-0.0 - 0.24999999999999967im
16,12,16,1,2,2,-0.4999999999999994 + 0.0im
16,12,16,1,2,3,0.4999999999999994 + 0.0im
16,12,16,1,2,4,-0.4330127018922184 - 0.0im
16,12,16,1,2,5,0.0 - 0.24999999999999947im
16,12,16,1,2,6,0.0 + 0.24999999999999967im
16,12,16,1,2,7,0.4330127018922184 + 0.0im
16,12,16,2,1,2,0.4999999999999994 + 0.0im
16,12,16,2,1,3,-0.4999999999999994 - 0.0im
16,12,16,2,1,4,-0.4330127018922184 - 0.0im
16,12,16,2,1,5,0.0 - 0.24999999999999947im
16,12,16,2,1,6,0.0 + 0.24999999999999967im
16,12,16,2,1,7,0.4330127018922184 + 0.0im
16,12,16,2,2,1,0.0 + 0.5773502691896254im
16,12,16,2,2,2,0.0 - 0.2886751345948126im
16,12,16,2,2,3,0.0 - 0.2886751345948126im
16,12,16,2,2,4,0.0 + 0.24999999999999947im
16,12,16,2,2,5,0.4330127018922188 + 0.0im
16,12,16,2,2,6,-0.4330127018922184 + 0.0im
16,12,16,2,2,7,-0.0 - 0.2499999999999998im
16,13,4,1,1,1,0.999999999999998 + 0.0im
16,13,4,2,1,2,-0.9999999999999994 - 0.0im
16,13,8,1,1,1,-0.499999999999999 + 0.0im
16,13,8,1,1,2,0.0 + 0.8660254037844376im
16,13,8,2,1,1,-0.0 - 0.8660254037844369im
16,13,8,2,1,2,0.4999999999999996 + 0.0im
16,13,12,1,1,1,-0.499999999999999 + 0.0im
16,13,12,1,1,2,0.0 - 0.8660254037844376im
16,13,12,2,1,1,0.0 + 0.8660254037844369im
16,13,12,2,1,2,0.4999999999999996 + 0.0im
16,13,13,1,1,1,0.9999999999999989 + 0.0im
16,13,13,2,1,2,0.9999999999999996 + 0.0im
16,13,14,1,1,1,0.0 - 0.4999999999999993im
16,13,14,1,1,2,0.8660254037844376 + 0.0im
16,13,14,2,1,1,0.8660254037844376 + 0.0im
16,13,14,2,1,2,0.0 - 0.4999999999999996im
16,13,15,1,1,1,0.0 + 0.4999999999999994im
16,13,15,1,1,2,0.8660254037844378 + 0.0im
16,13,15,2,1,1,0.8660254037844378 + 0.0im
16,13,15,2,1,2,0.0 + 0.4999999999999998im
16,13,16,1,1,1,0.5773502691896251 + 0.0im
16,13,16,1,1,2,-0.2886751345948124 + 0.0im
16,13,16,1,1,3,-0.2886751345948125 + 0.0im
16,13,16,1,1,4,0.4999999999999986 + 0.0im
16,13,16,1,1,7,-0.49999999999999933 - 0.0im
16,13,16,1,2,2,-0.0 + 0.4999999999999994im
16,13,16,1,2,3,0.0 - 0.4999999999999994im
16,13,16,1,2,5,0.49999999999999933 + 0.0im
16,13,16,1,2,6,-0.49999999999999895 + 0.0im
16,13,16,2,1,2,0.0 - 0.4999999999999994im
16,13,16,2,1,3,0.0 + 0.4999999999999994im
16,13,16,2,1,5,0.49999999999999933 + 0.0im
16,13,16,2,1,6,-0.49999999999999895 + 0.0im
16,13,16,2,2,1,-0.5773502691896255 + 0.0im
16,13,16,2,2,2,0.2886751345948126 + 0.0im
16,13,16,2,2,3,0.2886751345948126 + 0.0im
16,13,16,2,2,4,0.49999999999999895 + 0.0im
16,13,16,2,2,7,-0.4999999999999996 - 0.0im
16,14,4,1,1,1,-0.0 + 0.49999999999999895im
16,14,4,1,1,2,-0.866025403784437 - 0.0im
16,14,4,2,1,1,0.8660254037844376 + 0.0im
16,14,4,2,1,2,0.0 - 0.49999999999999944im
16,14,8,1,1,1,0.0 - 0.9999999999999981im
16,14,8,1,1,2,-1.9229626863835638e-16 + 0.0im
16,14,8,2,1,1,-2.403703357979455e-16 + 0.0im
16,14,8,2,1,2,0.0 + 0.9999999999999984im
16,14,12,1,1,1,0.0 + 0.4999999999999992im
16,14,12,1,1,2,0.8660254037844373 + 0.0im
16,14,12,2,1,1,-0.866025403784437 + 0.0im
16,14,12,2,1,2,0.0 - 0.499999999999999im
16,14,13,1,1,1,0.0 + 0.4999999999999994im
16,14,13,1,1,2,0.8660254037844378 + 0.0im
16,14,13,2,1,1,0.8660254037844378 + 0.0im
16,14,13,2,1,2,0.0 + 0.4999999999999998im
16,14,14,1,1,1,0.9999999999999989 + 0.0im
16,14,14,2,1,2,0.9999999999999996 + 0.0im
16,14,15,1,1,1,-0.4999999999999993 + 0.0im
16,14,15,1,1,2,-0.0 - 0.8660254037844376im
16,14,15,2,1,1,-0.0 - 0.8660254037844376im
16,14,15,2,1,2,-0.4999999999999996 + 0.0im
16,14,16,1,1,1,0.0 - 0.577350269189625im
16,14,16,1,1,2,0.0 + 0.2886751345948123im
16,14,16,1,1,3,0.0 + 0.2886751345948124im
16,14,16,1,1,4,-0.0 + 0.24999999999999928im
16,14,16,1,1,5,-0.43301270189221824 - 0.0im
16,14,16,1,1,6,0.4330127018922184 + 0.0im
16,14,16,1,1,7,0.0 - 0.24999999999999953im
16,14,16,1,2,2,0.4999999999999993 + 0.0im
16,14,16,1,2,3,-0.4999999999999993 - 0.0im
16,14,16,1,2,4,-0.4330127018922184 + 0.0im
16,14,16,1,2,5,0.0 + 0.24999999999999953im
16,14,16,1,2,6,0.0 - 0.24999999999999942im
16,14,16,1,2,7,0.4330127018922184 + 0.0im
16,14,16,2,1,2,-0.4999999999999993 + 0.0im
16,14,16,2,1,3,0.4999999999999993 + 0.0im
16,14,16,2,1,4,-0.4330127018922184 + 0.0im
16,14,16,2,1,5,0.0 + 0.24999999999999953im
16,14,16,2,1,6,0.0 - 0.24999999999999942im
16,14,16,2,1,7,0.4330127018922184 + 0.0im
16,14,16,2,2,1,0.0 + 0.5773502691896253im
16,14,16,2,2,2,-0.0 - 0.2886751345948125im
16,14,16,2,2,3,0.0 - 0.2886751345948126im
16,14,16,2,2,4,-0.0 + 0.24999999999999942im
16,14,16,2,2,5,-0.4330127018922184 - 0.0im
16,14,16,2,2,6,0.43301270189221874 + 0.0im
16,14,16,2,2,7,0.0 - 0.2499999999999997im
16,15,4,1,1,1,0.0 - 0.499999999999999im
16,15,4,1,1,2,-0.8660254037844373 - 0.0im
16,15,4,2,1,1,0.8660254037844376 + 0.0im
16,15,4,2,1,2,-0.0 + 0.4999999999999997im
16,15,8,1,1,1,0.0 - 0.49999999999999933im
16,15,8,1,1,2,0.8660254037844375 + 0.0im
16,15,8,2,1,1,-0.8660254037844374 + 0.0im
16,15,8,2,1,2,0.0 + 0.499999999999999im
16,15,12,1,1,1,0.0 + 0.9999999999999984im
16,15,12,1,1,2,-2.8844440295753465e-16 + 0.0im
16,15,12,2,1,1,-2.403703357979455e-16 + 0.0im
16,15,12,2,1,2,0.0 - 0.9999999999999987im
16,15,13,1,1,1,0.0 - 0.49999999999999933im
16,15,13,1,1,2,0.8660254037844376 + 0.0im
16,15,13,2,1,1,0.8660254037844376 + 0.0im
16,15,13,2,1,2,0.0 - 0.49999999999999967im
16,15,14,1,1,1,-0.49999999999999944 + 0.0im
16,15,14,1,1,2,0.0 + 0.866025403784438im
16,15,14,2,1,1,0.0 + 0.866025403784438im
16,15,14,2,1,2,-0.49999999999999983 + 0.0im
16,15,15,1,1,1,0.9999999999999989 + 0.0im
16,15,15,2,1,2,0.9999999999999996 + 0.0im
16,15,16,1,1,1,-0.0 + 0.577350269189625im
16,15,16,1,1,2,0.0 - 0.2886751345948124im
16,15,16,1,1,3,-0.0 - 0.2886751345948125im
16,15,16,1,1,4,0.0 - 0.2499999999999993im
16,15,16,1,1,5,-0.4330127018922183 - 0.0im
16,15,16,1,1,6,0.4330127018922184 + 0.0im
16,15,16,1,1,7,-0.0 + 0.24999999999999967im
16,15,16,1,2,2,-0.4999999999999994 - 0.0im
16,15,16,1,2,3,0.4999999999999994 + 0.0im
16,15,16,1,2,4,-0.4330127018922184 + 0.0im
16,15,16,1,2,5,0.0 - 0.24999999999999967im
16,15,16,1,2,6,0.0 + 0.24999999999999947im
16,15,16,1,2,7,0.4330127018922184 + 0.0im
16,15,16,2,1,2,0.4999999999999994 + 0.0im
16,15,16,2,1,3,-0.4999999999999994 + 0.0im
16,15,16,2,1,4,-0.4330127018922184 + 0.0im
16,15,16,2,1,5,0.0 - 0.24999999999999967im
16,15,16,2,1,6,0.0 + 0.24999999999999947im
16,15,16,2,1,7,0.4330127018922184 + 0.0im
16,15,16,2,2,1,0.0 - 0.5773502691896254im
16,15,16,2,2,2,0.0 + 0.2886751345948126im
16,15,16,2,2,3,0.0 + 0.2886751345948126im
16,15,16,2,2,4,0.0 - 0.24999999999999947im
16,15,16,2,2,5,-0.4330127018922184 - 0.0im
16,15,16,2,2,6,0.4330127018922188 + 0.0im
16,15,16,2,2,7,-0.0 + 0.2499999999999998im
16,16,1,1,1,1,0.9999999999999997 + 0.0im
16,16,1,2,1,1,0.9999999999999992 + 0.0im
16,16,1,3,1,1,0.9999999999999994 + 0.0im
16,16,1,4,1,1,1.732050807568874 + 0.0im
16,16,1,7,1,1,1.7320508075688756 + 0.0im
16,16,2,1,1,1,0.9999999999999997 + 0.0im
16,16,2,2,1,1,0.9999999999999992 + 0.0im
16,16,2,3,1,1,0.9999999999999994 + 0.0im
16,16,2,4,1,1,-0.8660254037844369 - 0.0im
16,16,2,5,1,1,-0.0 + 1.4999999999999973im
16,16,2,6,1,1,-0.0 + 1.4999999999999982im
16,16,2,7,1,1,-0.8660254037844377 - 0.0im
16,16,3,1,1,1,0.9999999999999997 + 0.0im
16,16,3,2,1,1,0.9999999999999989 + 0.0im
16,16,3,3,1,1,0.9999999999999993 + 0.0im
16,16,3,4,1,1,-0.8660254037844369 - 0.0im
16,16,3,5,1,1,0.0 - 1.4999999999999973im
16,16,3,6,1,1,0.0 - 1.4999999999999982im
16,16,3,7,1,1,-0.8660254037844377 - 0.0im
16,16,4,1,1,1,0.9999999999999989 + 0.0im
16,16,4,1,2,2,0.9999999999999996 + 0.0im
16,16,4,2,1,1,-0.4999999999999992 - 0.0im
16,16,4,2,1,2,0.0 - 0.8660254037844376im
16,16,4,2,2,1,0.0 - 0.8660254037844376im
16,16,4,2,2,2,-0.4999999999999995 - 0.0im
16,16,4,3,1,1,-0.4999999999999994 - 0.0im
16,16,4,3,1,2,-0.0 + 0.8660254037844377im
16,16,4,3,2,1,-0.0 + 0.8660254037844377im
16,16,4,3,2,2,-0.4999999999999997 - 0.0im
16,16,4,4,1,1,0.8660254037844365 + 0.0im
16,16,4,4,2,2,-0.8660254037844368 - 0.0im
16,16,4,5,1,2,-0.8660254037844368 - 0.0im
16,16,4,5,2,1,0.8660254037844368 + 0.0im
16,16,4,6,1,2,0.8660254037844373 + 0.0im
16,16,4,6,2,1,-0.8660254037844373 - 0.0im
16,16,4,7,1,1,-0.8660254037844373 - 0.0im
16,16,4,7,2,2,0.8660254037844377 + 0.0im
16,16,5,1,1,1,0.9999999999999997 + 0.0im
16,16,5,2,1,1,0.9999999999999992 + 0.0im
16,16,5,3,1,1,0.9999999999999994 + 0.0im
16,16,5,4,1,1,-0.8660254037844369 + 0.0im
16,16,5,5,1,1,-0.0 - 1.4999999999999982im
16,16,5,6,1,1,-0.0 - 1.4999999999999973im
16,16,5,7,1,1,-0.8660254037844377 + 0.0im
16,16,6,1,1,1,0.9999999999999997 + 0.0im
16,16,6,2,1,1,0.9999999999999992 + 0.0im
16,16,6,3,1,1,0.9999999999999994 + 0.0im
16,16,6,4,1,1,1.732050807568874 + 0.0im
16,16,6,5,1,1,0.0 + 3.8459253727671276e-16im
16,16,6,6,1,1,0.0 - 3.8459253727671276e-16im
16,16,6,7,1,1,1.7320508075688748 + 0.0im
16,16,7,1,1,1,0.9999999999999997 + 0.0im
16,16,7,2,1,1,0.9999999999999989 + 0.0im
16,16,7,3,1,1,0.9999999999999993 + 0.0im
16,16,7,4,1,1,-0.8660254037844375 + 0.0im
16,16,7,5,1,1,0.0 + 1.4999999999999978im
16,16,7,6,1,1,0.0 + 1.4999999999999978im
16,16,7,7,1,1,-0.8660254037844369 + 0.0im
16,16,8,1,1,1,0.9999999999999989 + 0.0im
16,16,8,1,2,2,0.9999999999999996 + 0.0im
16,16,8,2,1,1,-0.4999999999999992 - 0.0im
16,16,8,2,1,2,0.0 - 0.8660254037844376im
16,16,8,2,2,1,0.0 - 0.8660254037844376im
16,16,8,2,2,2,-0.4999999999999995 - 0.0im
16,16,8,3,1,1,-0.4999999999999994 - 0.0im
16,16,8,3,1,2,-0.0 + 0.8660254037844377im
16,16,8,3,2,1,-0.0 + 0.8660254037844377im
16,16,8,3,2,2,-0.4999999999999997 - 0.0im
16,16,8,4,1,1,-0.4330127018922182 + 0.0im
16,16,8,4,1,2,-0.0 - 0.7499999999999984im
16,16,8,4,2,1,0.0 + 0.7499999999999984im
16,16,8,4,2,2,0.43301270189221835 + 0.0im
16,16,8,5,1,1,0.0 + 0.7499999999999984im
16,16,8,5,1,2,0.43301270189221835 + 0.0im
16,16,8,5,2,1,-0.43301270189221835 + 0.0im
16,16,8,5,2,2,-0.0 - 0.7499999999999991im
16,16,8,6,1,1,-0.0 - 0.7499999999999982im
16,16,8,6,1,2,-0.4330127018922185 + 0.0im
16,16,8,6,2,1,0.4330127018922185 + 0.0im
16,16,8,6,2,2,0.0 + 0.7499999999999984im
16,16,8,7,1,1,0.4330127018922185 + 0.0im
16,16,8,7,1,2,0.0 + 0.7499999999999984im
16,16,8,7,2,1,-0.0 - 0.7499999999999984im
16,16,8,7,2,2,-0.4330127018922188 + 0.0im
16,16,9,1,1,1,0.9999999999999997 + 0.0im
16,16,9,2,1,1,0.9999999999999989 + 0.0im
16,16,9,3,1,1,0.9999999999999993 + 0.0im
16,16,9,4,1,1,-0.8660254037844369 + 0.0im
16,16,9,5,1,1,0.0 + 1.4999999999999982im
16,16,9,6,1,1,0.0 + 1.4999999999999973im
16,16,9,7,1,1,-0.8660254037844377 + 0.0im
16,16,10,1,1,1,0.9999999999999997 + 0.0im
16,16,10,2,1,1,0.9999999999999989 + 0.0im
16,16,10,3,1,1,0.9999999999999993 + 0.0im
16,16,10,4,1,1,-0.8660254037844375 + 0.0im
16,16,10,5,1,1,0.0 - 1.4999999999999978im
16,16,10,6,1,1,0.0 - 1.4999999999999978im
16,16,10,7,1,1,-0.8660254037844369 + 0.0im
16,16,11,1,1,1,0.9999999999999997 + 0.0im
16,16,11,2,1,1,0.9999999999999988 + 0.0im
16,16,11,3,1,1,0.9999999999999992 + 0.0im
16,16,11,4,1,1,1.732050807568874 + 0.0im
16,16,11,5,1,1,0.0 - 3.8459253727671276e-16im
16,16,11,6,1,1,0.0 + 3.8459253727671276e-16im
16,16,11,7,1,1,1.7320508075688748 + 0.0im
16,16,12,1,1,1,0.9999999999999989 + 0.0im
16,16,12,1,2,2,0.9999999999999996 + 0.0im
16,16,12,2,1,1,-0.49999999999999906 - 0.0im
16,16,12,2,1,2,0.0 - 0.8660254037844374im
16,16,12,2,2,1,0.0 - 0.8660254037844375im
16,16,12,2,2,2,-0.4999999999999994 - 0.0im
16,16,12,3,1,1,-0.4999999999999994 - 0.0im
16,16,12,3,1,2,-0.0 + 0.8660254037844377im
16,16,12,3,2,1,-0.0 + 0.8660254037844377im
16,16,12,3,2,2,-0.49999999999999967 - 0.0im
16,16,12,4,1,1,-0.4330127018922182 + 0.0im
16,16,12,4,1,2,0.0 + 0.7499999999999984im
16,16,12,4,2,1,0.0 - 0.7499999999999984im
16,16,12,4,2,2,0.43301270189221835 + 0.0im
16,16,12,5,1,1,0.0 - 0.7499999999999984im
16,16,12,5,1,2,0.43301270189221835 + 0.0im
16,16,12,5,2,1,-0.43301270189221835 + 0.0im
16,16,12,5,2,2,0.0 + 0.7499999999999991im
16,16,12,6,1,1,0.0 + 0.7499999999999982im
16,16,12,6,1,2,-0.4330127018922185 + 0.0im
16,16,12,6,2,1,0.4330127018922185 + 0.0im
16,16,12,6,2,2,0.0 - 0.7499999999999984im
16,16,12,7,1,1,0.4330127018922185 + 0.0im
16,16,12,7,1,2,0.0 - 0.7499999999999984im
16,16,12,7,2,1,0.0 + 0.7499999999999984im
16,16,12,7,2,2,-0.4330127018922188 + 0.0im
16,16,13,1,1,1,0.9999999999999989 + 0.0im
16,16,13,1,2,2,0.9999999999999996 + 0.0im
16,16,13,2,1,1,-0.4999999999999992 + 0.0im
16,16,13,2,1,2,0.0 + 0.8660254037844376im
16,16,13,2,2,1,0.0 + 0.8660254037844376im
16,16,13,2,2,2,-0.4999999999999995 + 0.0im
16,16,13,3,1,1,-0.4999999999999994 + 0.0im
16,16,13,3,1,2,-0.0 - 0.8660254037844377im
16,16,13,3,2,1,-0.0 - 0.8660254037844377im
16,16,13,3,2,2,-0.4999999999999997 + 0.0im
16,16,13,4,1,1,0.8660254037844365 + 0.0im
16,16,13,4,2,2,-0.8660254037844368 + 0.0im
16,16,13,5,1,2,0.8660254037844373 + 0.0im
16,16,13,5,2,1,-0.8660254037844373 + 0.0im
16,16,13,6,1,2,-0.8660254037844368 + 0.0im
16,16,13,6,2,1,0.8660254037844368 + 0.0im
16,16,13,7,1,1,-0.8660254037844373 + 0.0im
16,16,13,7,2,2,0.8660254037844377 + 0.0im
16,16,14,1,1,1,0.9999999999999989 + 0.0im
16,16,14,1,2,2,0.9999999999999996 + 0.0im
16,16,14,2,1,1,-0.4999999999999992 + 0.0im
16,16,14,2,1,2,0.0 + 0.8660254037844376im
16,16,14,2,2,1,0.0 + 0.8660254037844376im
16,16,14,2,2,2,-0.4999999999999995 + 0.0im
16,16,14,3,1,1,-0.4999999999999994 + 0.0im
16,16,14,3,1,2,-0.0 - 0.8660254037844377im
16,16,14,3,2,1,-0.0 - 0.8660254037844377im
16,16,14,3,2,2,-0.4999999999999997 + 0.0im
16,16,14,4,1,1,-0.4330127018922182 - 0.0im
16,16,14,4,1,2,-0.0 + 0.7499999999999984im
16,16,14,4,2,1,0.0 - 0.7499999999999984im
16,16,14,4,2,2,0.43301270189221835 + 0.0im
16,16,14,5,1,1,-0.0 + 0.7499999999999982im
16,16,14,5,1,2,-0.4330127018922185 - 0.0im
16,16,14,5,2,1,0.4330127018922185 + 0.0im
16,16,14,5,2,2,0.0 - 0.7499999999999984im
16,16,14,6,1,1,0.0 - 0.7499999999999984im
16,16,14,6,1,2,0.43301270189221835 + 0.0im
16,16,14,6,2,1,-0.43301270189221835 - 0.0im
16,16,14,6,2,2,-0.0 + 0.7499999999999991im
16,16,14,7,1,1,0.4330127018922185 + 0.0im
16,16,14,7,1,2,0.0 - 0.7499999999999984im
16,16,14,7,2,1,-0.0 + 0.7499999999999984im
16,16,14,7,2,2,-0.4330127018922188 - 0.0im
16,16,15,1,1,1,0.9999999999999989 + 0.0im
16,16,15,1,2,2,0.9999999999999996 + 0.0im
16,16,15,2,1,1,-0.49999999999999906 + 0.0im
16,16,15,2,1,2,0.0 + 0.8660254037844374im
16,16,15,2,2,1,0.0 + 0.8660254037844375im
16,16,15,2,2,2,-0.4999999999999994 + 0.0im
16,16,15,3,1,1,-0.4999999999999994 + 0.0im
16,16,15,3,1,2,-0.0 - 0.8660254037844377im
16,16,15,3,2,1,-0.0 - 0.8660254037844377im
16,16,15,3,2,2,-0.49999999999999967 + 0.0im
16,16,15,4,1,1,-0.4330127018922182 - 0.0im
16,16,15,4,1,2,0.0 - 0.7499999999999984im
16,16,15,4,2,1,0.0 + 0.7499999999999984im
16,16,15,4,2,2,0.43301270189221835 + 0.0im
16,16,15,5,1,1,0.0 - 0.7499999999999982im
16,16,15,5,1,2,-0.4330127018922185 - 0.0im
16,16,15,5,2,1,0.4330127018922185 + 0.0im
16,16,15,5,2,2,0.0 + 0.7499999999999984im
16,16,15,6,1,1,0.0 + 0.7499999999999984im
16,16,15,6,1,2,0.43301270189221835 + 0.0im
16,16,15,6,2,1,-0.43301270189221835 - 0.0im
16,16,15,6,2,2,0.0 - 0.7499999999999991im
16,16,15,7,1,1,0.4330127018922185 + 0.0im
16,16,15,7,1,2,0.0 + 0.7499999999999984im
16,16,15,7,2,1,0.0 - 0.7499999999999984im
16,16,15,7,2,2,-0.4330127018922188 - 0.0im
16,16,16,1,1,1,1.0 + 0.0im
16,16,16,1,2,2,0.9999999999999993 + 0.0im
16,16,16,1,3,3,0.9999999999999998 + 0.0im
16,16,16,1,4,4,0.9999999999999983 + 0.0im
16,16,16,1,5,5,0.9999999999999988 + 0.0im
16,16,16,1,6,6,0.9999999999999988 + 0.0im
16,16,16,1,7,7,0.9999999999999994 + 0.0im
16,16,16,2,1,2,0.9999999999999993 + 0.0im
16,16,16,2,2,3,0.9999999999999991 + 0.0im
16,16,16,2,3,1,0.9999999999999993 + 0.0im
16,16,16,2,4,4,0.24999999999999942 + 0.0im
16,16,16,2,4,5,0.0 + 0.43301270189221835im
16,16,16,2,4,6,0.0 - 0.43301270189221835im
16,16,16,2,4,7,0.7499999999999986 + 0.0im
16,16,16,2,5,4,0.0 + 0.4330127018922184im
16,16,16,2,5,5,0.24999999999999958 + 0.0im
16,16,16,2,5,6,0.7499999999999987 + 0.0im
16,16,16,2,5,7,0.0 - 0.43301270189221874im
16,16,16,2,6,4,0.0 - 0.4330127018922184im
16,16,16,2,6,5,0.7499999999999987 + 0.0im
16,16,16,2,6,6,0.24999999999999958 + 0.0im
16,16,16,2,6,7,0.0 + 0.43301270189221874im
16,16,16,2,7,4,0.7499999999999989 + 0.0im
16,16,16,2,7,5,0.0 - 0.4330127018922188im
16,16,16,2,7,6,0.0 + 0.4330127018922188im
16,16,16,2,7,7,0.24999999999999972 + 0.0im
16,16,16,3,1,3,0.9999999999999998 + 0.0im
16,16,16,3,2,1,0.9999999999999993 + 0.0im
16,16,16,3,3,2,0.9999999999999993 + 0.0im
16,16,16,3,4,4,0.24999999999999958 + 0.0im
16,16,16,3,4,5,0.0 - 0.4330127018922187im
16,16,16,3,4,6,0.0 + 0.4330127018922187im
16,16,16,3,4,7,0.7499999999999991 + 0.0im
16,16,16,3,5,4,0.0 - 0.4330127018922187im
16,16,16,3,5,5,0.2499999999999997 + 0.0im
16,16,16,3,5,6,0.7499999999999991 + 0.0im
16,16,16,3,5,7,0.0 + 0.43301270189221885im
16,16,16,3,6,4,0.0 + 0.4330127018922187im
16,16,16,3,6,5,0.7499999999999991 + 0.0im
16,16,16,3,6,6,0.2499999999999997 + 0.0im
16,16,16,3,6,7,0.0 - 0.43301270189221885im
16,16,16,3,7,4,0.7499999999999991 + 0.0im
16,16,16,3,7,5,0.0 + 0.43301270189221885im
16,16,16,3,7,6,0.0 - 0.43301270189221885im
16,16,16,3,7,7,0.24999999999999986 + 0.0im
16,16,16,4,1,4,0.9999999999999983 + 0.0im
16,16,16,4,2,4,0.24999999999999942 + 0.0im
16,16,16,4,2,5,0.0 - 0.43301270189221835im
16,16,16,4,2,6,0.0 + 0.43301270189221835im
16,16,16,4,2,7,0.7499999999999986 + 0.0im
16,16,16,4,3,4,0.2499999999999995 + 0.0im
16,16,16,4,3,5,0.0 + 0.43301270189221863im
16,16,16,4,3,6,0.0 - 0.43301270189221863im
16,16,16,4,3,7,0.7499999999999991 + 0.0im
16,16,16,4,4,1,0.9999999999999978 + 0.0im
16,16,16,4,4,2,0.2499999999999994 + 0.0im
16,16,16,4,4,3,0.24999999999999944 + 0.0im
16,16,16,4,4,4,0.4330127018922179 + 0.0im
16,16,16,4,4,7,0.4330127018922183 + 0.0im
16,16,16,4,5,2,0.0 + 0.43301270189221835im
16,16,16,4,5,3,-0.0 - 0.43301270189221847im
16,16,16,4,5,5,-0.433012701892218 - 0.0im
16,16,16,4,5,6,-0.4330127018922183 - 0.0im
16,16,16,4,6,2,0.0 - 0.43301270189221835im
16,16,16,4,6,3,-0.0 + 0.43301270189221847im
16,16,16,4,6,5,-0.4330127018922183 + 0.0im
16,16,16,4,6,6,-0.433012701892218 + 0.0im
16,16,16,4,7,2,0.7499999999999986 + 0.0im
16,16,16,4,7,3,0.7499999999999988 + 0.0im
16,16,16,4,7,4,0.4330127018922183 + 0.0im
16,16,16,4,7,7,0.4330127018922183 + 0.0im
16,16,16,5,1,5,0.9999999999999988 + 0.0im
16,16,16,5,2,4,0.0 - 0.43301270189221835im
16,16,16,5,2,5,0.24999999999999958 + 0.0im
16,16,16,5,2,6,0.7499999999999986 + 0.0im
16,16,16,5,2,7,0.0 + 0.43301270189221874im
16,16,16,5,3,4,0.0 + 0.43301270189221863im
16,16,16,5,3,5,0.2499999999999997 + 0.0im
16,16,16,5,3,6,0.7499999999999991 + 0.0im
16,16,16,5,3,7,0.0 - 0.43301270189221885im
16,16,16,5,4,2,0.0 - 0.43301270189221835im
16,16,16,5,4,3,0.0 + 0.4330127018922184im
16,16,16,5,4,5,-0.433012701892218 - 0.0im
16,16,16,5,4,6,-0.4330127018922183 - 0.0im
16,16,16,5,5,1,-0.9999999999999988 - 0.0im
16,16,16,5,5,2,-0.2499999999999995 + 0.0im
16,16,16,5,5,3,-0.24999999999999964 + 0.0im
16,16,16,5,5,4,0.433012701892218 + 0.0im
16,16,16,5,5,7,0.4330127018922185 + 0.0im
16,16,16,5,6,2,-0.7499999999999986 - 0.0im
16,16,16,5,6,3,-0.7499999999999987 - 0.0im
16,16,16,5,6,4,0.4330127018922183 + 0.0im
16,16,16,5,6,7,0.4330127018922183 + 0.0im
16,16,16,5,7,2,-0.0 + 0.4330127018922186im
16,16,16,5,7,3,0.0 - 0.43301270189221874im
16,16,16,5,7,5,-0.4330127018922185 + 0.0im
16,16,16,5,7,6,-0.4330127018922183 + 0.0im
16,16,16,6,1,6,0.9999999999999988 + 0.0im
16,16,16,6,2,4,0.0 + 0.43301270189221835im
16,16,16,6,2,5,0.7499999999999986 + 0.0im
16,16,16,6,2,6,0.24999999999999958 + 0.0im
16,16,16,6,2,7,0.0 - 0.43301270189221874im
16,16,16,6,3,4,0.0 - 0.43301270189221863im
16,16,16,6,3,5,0.7499999999999991 + 0.0im
16,16,16,6,3,6,0.2499999999999997 + 0.0im
16,16,16,6,3,7,0.0 + 0.43301270189221885im
16,16,16,6,4,2,0.0 + 0.43301270189221835im
16,16,16,6,4,3,0.0 - 0.4330127018922184im
16,16,16,6,4,5,-0.4330127018922183 + 0.0im
16,16,16,6,4,6,-0.433012701892218 + 0.0im
16,16,16,6,5,2,-0.7499999999999986 + 0.0im
16,16,16,6,5,3,-0.7499999999999987 + 0.0im
16,16,16,6,5,4,0.4330127018922183 + 0.0im
16,16,16,6,5,7,0.4330127018922183 + 0.0im
16,16,16,6,6,1,-0.9999999999999988 + 0.0im
16,16,16,6,6,2,-0.2499999999999995 + 0.0im
16,16,16,6,6,3,-0.24999999999999964 + 0.0im
16,16,16,6,6,4,0.433012701892218 + 0.0im
16,16,16,6,6,7,0.4330127018922185 + 0.0im
16,16,16,6,7,2,-0.0 - 0.4330127018922186im
16,16,16,6,7,3,0.0 + 0.43301270189221874im
16,16,16,6,7,5,-0.4330127018922183 - 0.0im
16,16,16,6,7,6,-0.4330127018922185 - 0.0im
16,16,16,7,1,7,0.9999999999999994 + 0.0im
16,16,16,7,2,4,0.7499999999999986 + 0.0im
16,16,16,7,2,5,0.0 + 0.43301270189221874im
16,16,16,7,2,6,0.0 - 0.43301270189221874im
16,16,16,7,2,7,0.24999999999999972 + 0.0im
16,16,16,7,3,4,0.7499999999999991 + 0.0im
16,16,16,7,3,5,0.0 - 0.43301270189221885im
16,16,16,7,3,6,0.0 + 0.43301270189221885im
16,16,16,7,3,7,0.24999999999999986 + 0.0im
16,16,16,7,4,2,0.7499999999999986 + 0.0im
16,16,16,7,4,3,0.7499999999999986 + 0.0im
16,16,16,7,4,4,0.4330127018922183 + 0.0im
16,16,16,7,4,7,0.4330127018922183 + 0.0im
16,16,16,7,5,2,0.0 - 0.4330127018922186im
16,16,16,7,5,3,0.0 + 0.4330127018922187im
16,16,16,7,5,5,-0.4330127018922185 + 0.0im
16,16,16,7,5,6,-0.4330127018922183 + 0.0im
16,16,16,7,6,2,0.0 + 0.4330127018922186im
16,16,16,7,6,3,0.0 - 0.4330127018922187im
16,16,16,7,6,5,-0.4330127018922183 - 0.0im
16,16,16,7,6,6,-0.4330127018922185 - 0.0im
16,16,16,7,7,1,0.9999999999999993 + 0.0im
16,16,16,7,7,2,0.2499999999999997 + 0.0im
16,16,16,7,7,3,0.24999999999999972 + 0.0im
16,16,16,7,7,4,0.4330127018922183 + 0.0im
16,16,16,7,7,7,0.4330127018922188 + 0.0im
